TOP.69edfd87.0005053d	START
TOP.69edfd87.0005053d	folder_config->cwd	C:\Users\Lenovo\Desktop\Mini Project\Penetration-Testing-Framework-API\tools\hashcat
TOP.69edfd87.0005053d	folder_config->install_dir	.
TOP.69edfd87.0005053d	folder_config->profile_dir	.
TOP.69edfd87.0005053d	folder_config->session_dir	.
TOP.69edfd87.0005053d	folder_config->shared_dir	.
TOP.69edfd87.0005053d	user_options->encoding_from	utf-8
TOP.69edfd87.0005053d	user_options->encoding_to	utf-8
TOP.69edfd87.0005053d	user_options->outfile	C:\Users\Lenovo\Desktop\Mini Project\Penetration-Testing-Framework-API\reports\hashcat_output\cracked_20260426_172654.txt
TOP.69edfd87.0005053d	user_options->rule_buf_l	:
TOP.69edfd87.0005053d	user_options->rule_buf_r	:
TOP.69edfd87.0005053d	user_options->session	hashcat
TOP.69edfd87.0005053d	user_options->separator	:
TOP.69edfd87.0005053d	user_options->limit	0
TOP.69edfd87.0005053d	user_options->skip	0
TOP.69edfd87.0005053d	user_options->attack_mode	0
TOP.69edfd87.0005053d	user_options->backend_devices_virtmulti	1
TOP.69edfd87.0005053d	user_options->backend_devices_virthost	1
TOP.69edfd87.0005053d	user_options->backend_devices_keepfree	0
TOP.69edfd87.0005053d	user_options->benchmark	0
TOP.69edfd87.0005053d	user_options->benchmark_all	0
TOP.69edfd87.0005053d	user_options->benchmark_max	99999
TOP.69edfd87.0005053d	user_options->benchmark_min	0
TOP.69edfd87.0005053d	user_options->bitmap_max	18
TOP.69edfd87.0005053d	user_options->bitmap_min	16
TOP.69edfd87.0005053d	user_options->debug_mode	0
TOP.69edfd87.0005053d	user_options->dynamic_x	0
TOP.69edfd87.0005053d	user_options->hash_info	0
TOP.69edfd87.0005053d	user_options->force	1
TOP.69edfd87.0005053d	user_options->hwmon	1
TOP.69edfd87.0005053d	user_options->hwmon_temp_abort	90
TOP.69edfd87.0005053d	user_options->hash_mode	0
TOP.69edfd87.0005053d	user_options->hex_charset	0
TOP.69edfd87.0005053d	user_options->hex_salt	0
TOP.69edfd87.0005053d	user_options->hex_wordlist	0
TOP.69edfd87.0005053d	user_options->hook_threads	12
TOP.69edfd87.0005053d	user_options->identify	0
TOP.69edfd87.0005053d	user_options->increment	0
TOP.69edfd87.0005053d	user_options->increment_max	256
TOP.69edfd87.0005053d	user_options->increment_min	1
TOP.69edfd87.0005053d	user_options->keep_guessing	0
TOP.69edfd87.0005053d	user_options->kernel_accel	0
TOP.69edfd87.0005053d	user_options->kernel_loops	0
TOP.69edfd87.0005053d	user_options->kernel_threads	0
TOP.69edfd87.0005053d	user_options->keyspace	0
TOP.69edfd87.0005053d	user_options->total_candidates	0
TOP.69edfd87.0005053d	user_options->left	0
TOP.69edfd87.0005053d	user_options->logfile	1
TOP.69edfd87.0005053d	user_options->loopback	0
TOP.69edfd87.0005053d	user_options->machine_readable	0
TOP.69edfd87.0005053d	user_options->markov_classic	0
TOP.69edfd87.0005053d	user_options->markov	1
TOP.69edfd87.0005053d	user_options->markov_inverse	0
TOP.69edfd87.0005053d	user_options->markov_threshold	256
TOP.69edfd87.0005053d	user_options->metal_compiler_runtime	120
TOP.69edfd87.0005053d	user_options->multiply_accel	1
TOP.69edfd87.0005053d	user_options->backend_info	0
TOP.69edfd87.0005053d	user_options->backend_vector_width	0
TOP.69edfd87.0005053d	user_options->optimized_kernel	0
TOP.69edfd87.0005053d	user_options->outfile_autohex	1
TOP.69edfd87.0005053d	user_options->outfile_check_timer	5
TOP.69edfd87.0005053d	user_options->outfile_format	2
TOP.69edfd87.0005053d	user_options->outfile_json	0
TOP.69edfd87.0005053d	user_options->wordlist_autohex	1
TOP.69edfd87.0005053d	user_options->potfile	1
TOP.69edfd87.0005053d	user_options->progress_only	0
TOP.69edfd87.0005053d	user_options->quiet	0
TOP.69edfd87.0005053d	user_options->remove	0
TOP.69edfd87.0005053d	user_options->remove_timer	60
TOP.69edfd87.0005053d	user_options->restore	0
TOP.69edfd87.0005053d	user_options->restore_enable	1
TOP.69edfd87.0005053d	user_options->restore_timer	1
TOP.69edfd87.0005053d	user_options->rp_files_cnt	0
TOP.69edfd87.0005053d	user_options->rp_gen	0
TOP.69edfd87.0005053d	user_options->rp_gen_func_max	4
TOP.69edfd87.0005053d	user_options->rp_gen_func_min	1
TOP.69edfd87.0005053d	user_options->rp_gen_seed	0
TOP.69edfd87.0005053d	user_options->runtime	0
TOP.69edfd87.0005053d	user_options->scrypt_tmto	0
TOP.69edfd87.0005053d	user_options->segment_size	33554432
TOP.69edfd87.0005053d	user_options->self_test	1
TOP.69edfd87.0005053d	user_options->slow_candidates	0
TOP.69edfd87.0005053d	user_options->show	0
TOP.69edfd87.0005053d	user_options->speed_only	0
TOP.69edfd87.0005053d	user_options->spin_damp	0
TOP.69edfd87.0005053d	user_options->status	0
TOP.69edfd87.0005053d	user_options->status_json	0
TOP.69edfd87.0005053d	user_options->status_timer	10
TOP.69edfd87.0005053d	user_options->stdout_flag	0
TOP.69edfd87.0005053d	user_options->usage	0
TOP.69edfd87.0005053d	user_options->username	0
TOP.69edfd87.0005053d	user_options->veracrypt_pim_start	485
TOP.69edfd87.0005053d	user_options->veracrypt_pim_stop	485
TOP.69edfd87.0005053d	user_options->version	0
TOP.69edfd87.0005053d	user_options->workload_profile	2
TOP.69edfd87.0005053d	user_options->brain_client	0
TOP.69edfd87.0005053d	user_options->brain_client_features	2
TOP.69edfd87.0005053d	user_options->brain_server	0
TOP.69edfd87.0005053d	user_options->brain_server_timer	300
TOP.69edfd87.0005053d	user_options->brain_port	6863
TOP.69edfd87.0005053d	user_options->brain_session	0
TOP.69edfd87.0005053d	hashes->hashfile	C:\Users\Lenovo\Desktop\Mini Project\Penetration-Testing-Framework-API\reports\hashcat_output\hashes_20260426_172654.txt
TOP.69edfd87.0005053d	hashes->hashlist_mode	5
TOP.69edfd87.0005053d	hashes->hashlist_format	0
TOP.69edfd87.0005053d	hashes->hashes_cnt	0
TOP.69edfd87.0005053d	hashes->digests_cnt	1
TOP.69edfd87.0005053d	hashes->digests_done_pot	0
TOP.69edfd87.0005053d	hashes->digests_done_zero	0
TOP.69edfd87.0005053d	hashes->digests_done	0
TOP.69edfd87.0005053d	hashes->salts_cnt	1
TOP.69edfd87.0005053d	hashes->salts_done	0
TOP.69edfd87.0005053d	SUB.69edfd99.000c2135	START
TOP.69edfd87.0005053d	SUB.69edfd99.000c2135	straight_ctx->dict	C:\Users\Lenovo\Desktop\Mini Project\Penetration-Testing-Framework-API\reports\wordlists\common_passwords.txt
TOP.69edfd87.0005053d	SUB.69edfd99.000c2135	runtime_start	1777204633
TOP.69edfd87.0005053d	SUB.69edfd99.000c2135	runtime_stop	1777204633
TOP.69edfd87.0005053d	SUB.69edfd99.000c2135	hashes->digests_done_new	1
TOP.69edfd87.0005053d	SUB.69edfd99.000c2135	status-after-work	6
TOP.69edfd87.0005053d	SUB.69edfd99.000c2135	STOP
TOP.69edfd87.0005053d	proc_start	1777204615
TOP.69edfd87.0005053d	proc_stop	1777204634
TOP.69edfd87.0005053d	STOP
TOP.69ee1cb6.0004adab	START
TOP.69ee1cb6.0004adab	folder_config->cwd	C:\Users\Lenovo\Desktop\Mini Project\Penetration-Testing-Framework-API\tools\hashcat
TOP.69ee1cb6.0004adab	folder_config->install_dir	.
TOP.69ee1cb6.0004adab	folder_config->profile_dir	.
TOP.69ee1cb6.0004adab	folder_config->session_dir	.
TOP.69ee1cb6.0004adab	folder_config->shared_dir	.
TOP.69ee1cb6.0004adab	user_options->encoding_from	utf-8
TOP.69ee1cb6.0004adab	user_options->encoding_to	utf-8
TOP.69ee1cb6.0004adab	user_options->outfile	cracked_test.txt
TOP.69ee1cb6.0004adab	user_options->rule_buf_l	:
TOP.69ee1cb6.0004adab	user_options->rule_buf_r	:
TOP.69ee1cb6.0004adab	user_options->session	hashcat
TOP.69ee1cb6.0004adab	user_options->separator	:
TOP.69ee1cb6.0004adab	user_options->limit	0
TOP.69ee1cb6.0004adab	user_options->skip	0
TOP.69ee1cb6.0004adab	user_options->attack_mode	0
TOP.69ee1cb6.0004adab	user_options->backend_devices_virtmulti	1
TOP.69ee1cb6.0004adab	user_options->backend_devices_virthost	1
TOP.69ee1cb6.0004adab	user_options->backend_devices_keepfree	0
TOP.69ee1cb6.0004adab	user_options->benchmark	0
TOP.69ee1cb6.0004adab	user_options->benchmark_all	0
TOP.69ee1cb6.0004adab	user_options->benchmark_max	99999
TOP.69ee1cb6.0004adab	user_options->benchmark_min	0
TOP.69ee1cb6.0004adab	user_options->bitmap_max	18
TOP.69ee1cb6.0004adab	user_options->bitmap_min	16
TOP.69ee1cb6.0004adab	user_options->debug_mode	0
TOP.69ee1cb6.0004adab	user_options->dynamic_x	0
TOP.69ee1cb6.0004adab	user_options->hash_info	0
TOP.69ee1cb6.0004adab	user_options->force	1
TOP.69ee1cb6.0004adab	user_options->hwmon	1
TOP.69ee1cb6.0004adab	user_options->hwmon_temp_abort	90
TOP.69ee1cb6.0004adab	user_options->hash_mode	0
TOP.69ee1cb6.0004adab	user_options->hex_charset	0
TOP.69ee1cb6.0004adab	user_options->hex_salt	0
TOP.69ee1cb6.0004adab	user_options->hex_wordlist	0
TOP.69ee1cb6.0004adab	user_options->hook_threads	12
TOP.69ee1cb6.0004adab	user_options->identify	0
TOP.69ee1cb6.0004adab	user_options->increment	0
TOP.69ee1cb6.0004adab	user_options->increment_max	256
TOP.69ee1cb6.0004adab	user_options->increment_min	1
TOP.69ee1cb6.0004adab	user_options->keep_guessing	0
TOP.69ee1cb6.0004adab	user_options->kernel_accel	0
TOP.69ee1cb6.0004adab	user_options->kernel_loops	0
TOP.69ee1cb6.0004adab	user_options->kernel_threads	0
TOP.69ee1cb6.0004adab	user_options->keyspace	0
TOP.69ee1cb6.0004adab	user_options->total_candidates	0
TOP.69ee1cb6.0004adab	user_options->left	0
TOP.69ee1cb6.0004adab	user_options->logfile	1
TOP.69ee1cb6.0004adab	user_options->loopback	0
TOP.69ee1cb6.0004adab	user_options->machine_readable	0
TOP.69ee1cb6.0004adab	user_options->markov_classic	0
TOP.69ee1cb6.0004adab	user_options->markov	1
TOP.69ee1cb6.0004adab	user_options->markov_inverse	0
TOP.69ee1cb6.0004adab	user_options->markov_threshold	256
TOP.69ee1cb6.0004adab	user_options->metal_compiler_runtime	120
TOP.69ee1cb6.0004adab	user_options->multiply_accel	1
TOP.69ee1cb6.0004adab	user_options->backend_info	0
TOP.69ee1cb6.0004adab	user_options->backend_vector_width	0
TOP.69ee1cb6.0004adab	user_options->optimized_kernel	0
TOP.69ee1cb6.0004adab	user_options->outfile_autohex	1
TOP.69ee1cb6.0004adab	user_options->outfile_check_timer	5
TOP.69ee1cb6.0004adab	user_options->outfile_format	3
TOP.69ee1cb6.0004adab	user_options->outfile_json	0
TOP.69ee1cb6.0004adab	user_options->wordlist_autohex	1
TOP.69ee1cb6.0004adab	user_options->potfile	0
TOP.69ee1cb6.0004adab	user_options->progress_only	0
TOP.69ee1cb6.0004adab	user_options->quiet	0
TOP.69ee1cb6.0004adab	user_options->remove	0
TOP.69ee1cb6.0004adab	user_options->remove_timer	60
TOP.69ee1cb6.0004adab	user_options->restore	0
TOP.69ee1cb6.0004adab	user_options->restore_enable	1
TOP.69ee1cb6.0004adab	user_options->restore_timer	1
TOP.69ee1cb6.0004adab	user_options->rp_files_cnt	0
TOP.69ee1cb6.0004adab	user_options->rp_gen	0
TOP.69ee1cb6.0004adab	user_options->rp_gen_func_max	4
TOP.69ee1cb6.0004adab	user_options->rp_gen_func_min	1
TOP.69ee1cb6.0004adab	user_options->rp_gen_seed	0
TOP.69ee1cb6.0004adab	user_options->runtime	0
TOP.69ee1cb6.0004adab	user_options->scrypt_tmto	0
TOP.69ee1cb6.0004adab	user_options->segment_size	33554432
TOP.69ee1cb6.0004adab	user_options->self_test	1
TOP.69ee1cb6.0004adab	user_options->slow_candidates	0
TOP.69ee1cb6.0004adab	user_options->show	0
TOP.69ee1cb6.0004adab	user_options->speed_only	0
TOP.69ee1cb6.0004adab	user_options->spin_damp	0
TOP.69ee1cb6.0004adab	user_options->status	0
TOP.69ee1cb6.0004adab	user_options->status_json	0
TOP.69ee1cb6.0004adab	user_options->status_timer	10
TOP.69ee1cb6.0004adab	user_options->stdout_flag	0
TOP.69ee1cb6.0004adab	user_options->usage	0
TOP.69ee1cb6.0004adab	user_options->username	0
TOP.69ee1cb6.0004adab	user_options->veracrypt_pim_start	485
TOP.69ee1cb6.0004adab	user_options->veracrypt_pim_stop	485
TOP.69ee1cb6.0004adab	user_options->version	0
TOP.69ee1cb6.0004adab	user_options->workload_profile	2
TOP.69ee1cb6.0004adab	user_options->brain_client	0
TOP.69ee1cb6.0004adab	user_options->brain_client_features	2
TOP.69ee1cb6.0004adab	user_options->brain_server	0
TOP.69ee1cb6.0004adab	user_options->brain_server_timer	300
TOP.69ee1cb6.0004adab	user_options->brain_port	6863
TOP.69ee1cb6.0004adab	user_options->brain_session	0
TOP.69ee1cb6.0004adab	proc_start	1777212598
TOP.69ee1cb6.0004adab	proc_stop	1777212600
TOP.69ee1cb6.0004adab	STOP
TOP.69ee2542.000c9a36	START
TOP.69ee2542.000c9a36	folder_config->cwd	C:\Users\Lenovo\Desktop\Mini Project\Penetration-Testing-Framework-API\tools\hashcat
TOP.69ee2542.000c9a36	folder_config->install_dir	.
TOP.69ee2542.000c9a36	folder_config->profile_dir	.
TOP.69ee2542.000c9a36	folder_config->session_dir	.
TOP.69ee2542.000c9a36	folder_config->shared_dir	.
TOP.69ee2542.000c9a36	user_options->encoding_from	utf-8
TOP.69ee2542.000c9a36	user_options->encoding_to	utf-8
TOP.69ee2542.000c9a36	user_options->outfile	cracked_test.txt
TOP.69ee2542.000c9a36	user_options->rule_buf_l	:
TOP.69ee2542.000c9a36	user_options->rule_buf_r	:
TOP.69ee2542.000c9a36	user_options->session	hashcat
TOP.69ee2542.000c9a36	user_options->separator	:
TOP.69ee2542.000c9a36	user_options->limit	0
TOP.69ee2542.000c9a36	user_options->skip	0
TOP.69ee2542.000c9a36	user_options->attack_mode	0
TOP.69ee2542.000c9a36	user_options->backend_devices_virtmulti	1
TOP.69ee2542.000c9a36	user_options->backend_devices_virthost	1
TOP.69ee2542.000c9a36	user_options->backend_devices_keepfree	0
TOP.69ee2542.000c9a36	user_options->benchmark	0
TOP.69ee2542.000c9a36	user_options->benchmark_all	0
TOP.69ee2542.000c9a36	user_options->benchmark_max	99999
TOP.69ee2542.000c9a36	user_options->benchmark_min	0
TOP.69ee2542.000c9a36	user_options->bitmap_max	18
TOP.69ee2542.000c9a36	user_options->bitmap_min	16
TOP.69ee2542.000c9a36	user_options->debug_mode	0
TOP.69ee2542.000c9a36	user_options->dynamic_x	0
TOP.69ee2542.000c9a36	user_options->hash_info	0
TOP.69ee2542.000c9a36	user_options->force	1
TOP.69ee2542.000c9a36	user_options->hwmon	1
TOP.69ee2542.000c9a36	user_options->hwmon_temp_abort	90
TOP.69ee2542.000c9a36	user_options->hash_mode	0
TOP.69ee2542.000c9a36	user_options->hex_charset	0
TOP.69ee2542.000c9a36	user_options->hex_salt	0
TOP.69ee2542.000c9a36	user_options->hex_wordlist	0
TOP.69ee2542.000c9a36	user_options->hook_threads	12
TOP.69ee2542.000c9a36	user_options->identify	0
TOP.69ee2542.000c9a36	user_options->increment	0
TOP.69ee2542.000c9a36	user_options->increment_max	256
TOP.69ee2542.000c9a36	user_options->increment_min	1
TOP.69ee2542.000c9a36	user_options->keep_guessing	0
TOP.69ee2542.000c9a36	user_options->kernel_accel	0
TOP.69ee2542.000c9a36	user_options->kernel_loops	0
TOP.69ee2542.000c9a36	user_options->kernel_threads	0
TOP.69ee2542.000c9a36	user_options->keyspace	0
TOP.69ee2542.000c9a36	user_options->total_candidates	0
TOP.69ee2542.000c9a36	user_options->left	0
TOP.69ee2542.000c9a36	user_options->logfile	1
TOP.69ee2542.000c9a36	user_options->loopback	0
TOP.69ee2542.000c9a36	user_options->machine_readable	0
TOP.69ee2542.000c9a36	user_options->markov_classic	0
TOP.69ee2542.000c9a36	user_options->markov	1
TOP.69ee2542.000c9a36	user_options->markov_inverse	0
TOP.69ee2542.000c9a36	user_options->markov_threshold	256
TOP.69ee2542.000c9a36	user_options->metal_compiler_runtime	120
TOP.69ee2542.000c9a36	user_options->multiply_accel	1
TOP.69ee2542.000c9a36	user_options->backend_info	0
TOP.69ee2542.000c9a36	user_options->backend_vector_width	0
TOP.69ee2542.000c9a36	user_options->optimized_kernel	0
TOP.69ee2542.000c9a36	user_options->outfile_autohex	1
TOP.69ee2542.000c9a36	user_options->outfile_check_timer	5
TOP.69ee2542.000c9a36	user_options->outfile_format	3
TOP.69ee2542.000c9a36	user_options->outfile_json	0
TOP.69ee2542.000c9a36	user_options->wordlist_autohex	1
TOP.69ee2542.000c9a36	user_options->potfile	0
TOP.69ee2542.000c9a36	user_options->progress_only	0
TOP.69ee2542.000c9a36	user_options->quiet	0
TOP.69ee2542.000c9a36	user_options->remove	0
TOP.69ee2542.000c9a36	user_options->remove_timer	60
TOP.69ee2542.000c9a36	user_options->restore	0
TOP.69ee2542.000c9a36	user_options->restore_enable	1
TOP.69ee2542.000c9a36	user_options->restore_timer	1
TOP.69ee2542.000c9a36	user_options->rp_files_cnt	0
TOP.69ee2542.000c9a36	user_options->rp_gen	0
TOP.69ee2542.000c9a36	user_options->rp_gen_func_max	4
TOP.69ee2542.000c9a36	user_options->rp_gen_func_min	1
TOP.69ee2542.000c9a36	user_options->rp_gen_seed	0
TOP.69ee2542.000c9a36	user_options->runtime	0
TOP.69ee2542.000c9a36	user_options->scrypt_tmto	0
TOP.69ee2542.000c9a36	user_options->segment_size	33554432
TOP.69ee2542.000c9a36	user_options->self_test	1
TOP.69ee2542.000c9a36	user_options->slow_candidates	0
TOP.69ee2542.000c9a36	user_options->show	0
TOP.69ee2542.000c9a36	user_options->speed_only	0
TOP.69ee2542.000c9a36	user_options->spin_damp	0
TOP.69ee2542.000c9a36	user_options->status	0
TOP.69ee2542.000c9a36	user_options->status_json	0
TOP.69ee2542.000c9a36	user_options->status_timer	10
TOP.69ee2542.000c9a36	user_options->stdout_flag	0
TOP.69ee2542.000c9a36	user_options->usage	0
TOP.69ee2542.000c9a36	user_options->username	0
TOP.69ee2542.000c9a36	user_options->veracrypt_pim_start	485
TOP.69ee2542.000c9a36	user_options->veracrypt_pim_stop	485
TOP.69ee2542.000c9a36	user_options->version	0
TOP.69ee2542.000c9a36	user_options->workload_profile	2
TOP.69ee2542.000c9a36	user_options->brain_client	0
TOP.69ee2542.000c9a36	user_options->brain_client_features	2
TOP.69ee2542.000c9a36	user_options->brain_server	0
TOP.69ee2542.000c9a36	user_options->brain_server_timer	300
TOP.69ee2542.000c9a36	user_options->brain_port	6863
TOP.69ee2542.000c9a36	user_options->brain_session	0
TOP.69ee2542.000c9a36	proc_start	1777214786
TOP.69ee2542.000c9a36	proc_stop	1777214788
TOP.69ee2542.000c9a36	STOP
TOP.69ee254e.0007e12e	START
TOP.69ee254e.0007e12e	folder_config->cwd	C:\Users\Lenovo\Desktop\Mini Project\Penetration-Testing-Framework-API\tools\hashcat
TOP.69ee254e.0007e12e	folder_config->install_dir	.
TOP.69ee254e.0007e12e	folder_config->profile_dir	.
TOP.69ee254e.0007e12e	folder_config->session_dir	.
TOP.69ee254e.0007e12e	folder_config->shared_dir	.
TOP.69ee254e.0007e12e	user_options->encoding_from	utf-8
TOP.69ee254e.0007e12e	user_options->encoding_to	utf-8
TOP.69ee254e.0007e12e	user_options->outfile	cracked_test.txt
TOP.69ee254e.0007e12e	user_options->rule_buf_l	:
TOP.69ee254e.0007e12e	user_options->rule_buf_r	:
TOP.69ee254e.0007e12e	user_options->session	hashcat
TOP.69ee254e.0007e12e	user_options->separator	:
TOP.69ee254e.0007e12e	user_options->limit	0
TOP.69ee254e.0007e12e	user_options->skip	0
TOP.69ee254e.0007e12e	user_options->attack_mode	0
TOP.69ee254e.0007e12e	user_options->backend_devices_virtmulti	1
TOP.69ee254e.0007e12e	user_options->backend_devices_virthost	1
TOP.69ee254e.0007e12e	user_options->backend_devices_keepfree	0
TOP.69ee254e.0007e12e	user_options->benchmark	0
TOP.69ee254e.0007e12e	user_options->benchmark_all	0
TOP.69ee254e.0007e12e	user_options->benchmark_max	99999
TOP.69ee254e.0007e12e	user_options->benchmark_min	0
TOP.69ee254e.0007e12e	user_options->bitmap_max	18
TOP.69ee254e.0007e12e	user_options->bitmap_min	16
TOP.69ee254e.0007e12e	user_options->debug_mode	0
TOP.69ee254e.0007e12e	user_options->dynamic_x	0
TOP.69ee254e.0007e12e	user_options->hash_info	0
TOP.69ee254e.0007e12e	user_options->force	1
TOP.69ee254e.0007e12e	user_options->hwmon	1
TOP.69ee254e.0007e12e	user_options->hwmon_temp_abort	90
TOP.69ee254e.0007e12e	user_options->hash_mode	0
TOP.69ee254e.0007e12e	user_options->hex_charset	0
TOP.69ee254e.0007e12e	user_options->hex_salt	0
TOP.69ee254e.0007e12e	user_options->hex_wordlist	0
TOP.69ee254e.0007e12e	user_options->hook_threads	12
TOP.69ee254e.0007e12e	user_options->identify	0
TOP.69ee254e.0007e12e	user_options->increment	0
TOP.69ee254e.0007e12e	user_options->increment_max	256
TOP.69ee254e.0007e12e	user_options->increment_min	1
TOP.69ee254e.0007e12e	user_options->keep_guessing	0
TOP.69ee254e.0007e12e	user_options->kernel_accel	0
TOP.69ee254e.0007e12e	user_options->kernel_loops	0
TOP.69ee254e.0007e12e	user_options->kernel_threads	0
TOP.69ee254e.0007e12e	user_options->keyspace	0
TOP.69ee254e.0007e12e	user_options->total_candidates	0
TOP.69ee254e.0007e12e	user_options->left	0
TOP.69ee254e.0007e12e	user_options->logfile	1
TOP.69ee254e.0007e12e	user_options->loopback	0
TOP.69ee254e.0007e12e	user_options->machine_readable	0
TOP.69ee254e.0007e12e	user_options->markov_classic	0
TOP.69ee254e.0007e12e	user_options->markov	1
TOP.69ee254e.0007e12e	user_options->markov_inverse	0
TOP.69ee254e.0007e12e	user_options->markov_threshold	256
TOP.69ee254e.0007e12e	user_options->metal_compiler_runtime	120
TOP.69ee254e.0007e12e	user_options->multiply_accel	1
TOP.69ee254e.0007e12e	user_options->backend_info	0
TOP.69ee254e.0007e12e	user_options->backend_vector_width	0
TOP.69ee254e.0007e12e	user_options->optimized_kernel	0
TOP.69ee254e.0007e12e	user_options->outfile_autohex	1
TOP.69ee254e.0007e12e	user_options->outfile_check_timer	5
TOP.69ee254e.0007e12e	user_options->outfile_format	3
TOP.69ee254e.0007e12e	user_options->outfile_json	0
TOP.69ee254e.0007e12e	user_options->wordlist_autohex	1
TOP.69ee254e.0007e12e	user_options->potfile	0
TOP.69ee254e.0007e12e	user_options->progress_only	0
TOP.69ee254e.0007e12e	user_options->quiet	0
TOP.69ee254e.0007e12e	user_options->remove	0
TOP.69ee254e.0007e12e	user_options->remove_timer	60
TOP.69ee254e.0007e12e	user_options->restore	0
TOP.69ee254e.0007e12e	user_options->restore_enable	1
TOP.69ee254e.0007e12e	user_options->restore_timer	1
TOP.69ee254e.0007e12e	user_options->rp_files_cnt	0
TOP.69ee254e.0007e12e	user_options->rp_gen	0
TOP.69ee254e.0007e12e	user_options->rp_gen_func_max	4
TOP.69ee254e.0007e12e	user_options->rp_gen_func_min	1
TOP.69ee254e.0007e12e	user_options->rp_gen_seed	0
TOP.69ee254e.0007e12e	user_options->runtime	0
TOP.69ee254e.0007e12e	user_options->scrypt_tmto	0
TOP.69ee254e.0007e12e	user_options->segment_size	33554432
TOP.69ee254e.0007e12e	user_options->self_test	1
TOP.69ee254e.0007e12e	user_options->slow_candidates	0
TOP.69ee254e.0007e12e	user_options->show	0
TOP.69ee254e.0007e12e	user_options->speed_only	0
TOP.69ee254e.0007e12e	user_options->spin_damp	0
TOP.69ee254e.0007e12e	user_options->status	0
TOP.69ee254e.0007e12e	user_options->status_json	0
TOP.69ee254e.0007e12e	user_options->status_timer	10
TOP.69ee254e.0007e12e	user_options->stdout_flag	0
TOP.69ee254e.0007e12e	user_options->usage	0
TOP.69ee254e.0007e12e	user_options->username	0
TOP.69ee254e.0007e12e	user_options->veracrypt_pim_start	485
TOP.69ee254e.0007e12e	user_options->veracrypt_pim_stop	485
TOP.69ee254e.0007e12e	user_options->version	0
TOP.69ee254e.0007e12e	user_options->workload_profile	2
TOP.69ee254e.0007e12e	user_options->brain_client	0
TOP.69ee254e.0007e12e	user_options->brain_client_features	2
TOP.69ee254e.0007e12e	user_options->brain_server	0
TOP.69ee254e.0007e12e	user_options->brain_server_timer	300
TOP.69ee254e.0007e12e	user_options->brain_port	6863
TOP.69ee254e.0007e12e	user_options->brain_session	0
TOP.69ee254e.0007e12e	proc_start	1777214798
TOP.69ee254e.0007e12e	proc_stop	1777214800
TOP.69ee254e.0007e12e	STOP
TOP.69ee25e6.0000327a	START
TOP.69ee25e6.0000327a	folder_config->cwd	C:\Users\Lenovo\Desktop\Mini Project\Penetration-Testing-Framework-API\tools\hashcat
TOP.69ee25e6.0000327a	folder_config->install_dir	.
TOP.69ee25e6.0000327a	folder_config->profile_dir	.
TOP.69ee25e6.0000327a	folder_config->session_dir	.
TOP.69ee25e6.0000327a	folder_config->shared_dir	.
TOP.69ee25e6.0000327a	user_options->encoding_from	utf-8
TOP.69ee25e6.0000327a	user_options->encoding_to	utf-8
TOP.69ee25e6.0000327a	user_options->outfile	cracked_test.txt
TOP.69ee25e6.0000327a	user_options->rule_buf_l	:
TOP.69ee25e6.0000327a	user_options->rule_buf_r	:
TOP.69ee25e6.0000327a	user_options->session	hashcat
TOP.69ee25e6.0000327a	user_options->separator	:
TOP.69ee25e6.0000327a	user_options->limit	0
TOP.69ee25e6.0000327a	user_options->skip	0
TOP.69ee25e6.0000327a	user_options->attack_mode	0
TOP.69ee25e6.0000327a	user_options->backend_devices_virtmulti	1
TOP.69ee25e6.0000327a	user_options->backend_devices_virthost	1
TOP.69ee25e6.0000327a	user_options->backend_devices_keepfree	0
TOP.69ee25e6.0000327a	user_options->benchmark	0
TOP.69ee25e6.0000327a	user_options->benchmark_all	0
TOP.69ee25e6.0000327a	user_options->benchmark_max	99999
TOP.69ee25e6.0000327a	user_options->benchmark_min	0
TOP.69ee25e6.0000327a	user_options->bitmap_max	18
TOP.69ee25e6.0000327a	user_options->bitmap_min	16
TOP.69ee25e6.0000327a	user_options->debug_mode	0
TOP.69ee25e6.0000327a	user_options->dynamic_x	0
TOP.69ee25e6.0000327a	user_options->hash_info	0
TOP.69ee25e6.0000327a	user_options->force	1
TOP.69ee25e6.0000327a	user_options->hwmon	1
TOP.69ee25e6.0000327a	user_options->hwmon_temp_abort	90
TOP.69ee25e6.0000327a	user_options->hash_mode	0
TOP.69ee25e6.0000327a	user_options->hex_charset	0
TOP.69ee25e6.0000327a	user_options->hex_salt	0
TOP.69ee25e6.0000327a	user_options->hex_wordlist	0
TOP.69ee25e6.0000327a	user_options->hook_threads	12
TOP.69ee25e6.0000327a	user_options->identify	0
TOP.69ee25e6.0000327a	user_options->increment	0
TOP.69ee25e6.0000327a	user_options->increment_max	256
TOP.69ee25e6.0000327a	user_options->increment_min	1
TOP.69ee25e6.0000327a	user_options->keep_guessing	0
TOP.69ee25e6.0000327a	user_options->kernel_accel	0
TOP.69ee25e6.0000327a	user_options->kernel_loops	0
TOP.69ee25e6.0000327a	user_options->kernel_threads	0
TOP.69ee25e6.0000327a	user_options->keyspace	0
TOP.69ee25e6.0000327a	user_options->total_candidates	0
TOP.69ee25e6.0000327a	user_options->left	0
TOP.69ee25e6.0000327a	user_options->logfile	1
TOP.69ee25e6.0000327a	user_options->loopback	0
TOP.69ee25e6.0000327a	user_options->machine_readable	0
TOP.69ee25e6.0000327a	user_options->markov_classic	0
TOP.69ee25e6.0000327a	user_options->markov	1
TOP.69ee25e6.0000327a	user_options->markov_inverse	0
TOP.69ee25e6.0000327a	user_options->markov_threshold	256
TOP.69ee25e6.0000327a	user_options->metal_compiler_runtime	120
TOP.69ee25e6.0000327a	user_options->multiply_accel	1
TOP.69ee25e6.0000327a	user_options->backend_info	0
TOP.69ee25e6.0000327a	user_options->backend_vector_width	0
TOP.69ee25e6.0000327a	user_options->optimized_kernel	0
TOP.69ee25e6.0000327a	user_options->outfile_autohex	1
TOP.69ee25e6.0000327a	user_options->outfile_check_timer	5
TOP.69ee25e6.0000327a	user_options->outfile_format	3
TOP.69ee25e6.0000327a	user_options->outfile_json	0
TOP.69ee25e6.0000327a	user_options->wordlist_autohex	1
TOP.69ee25e6.0000327a	user_options->potfile	0
TOP.69ee25e6.0000327a	user_options->progress_only	0
TOP.69ee25e6.0000327a	user_options->quiet	0
TOP.69ee25e6.0000327a	user_options->remove	0
TOP.69ee25e6.0000327a	user_options->remove_timer	60
TOP.69ee25e6.0000327a	user_options->restore	0
TOP.69ee25e6.0000327a	user_options->restore_enable	1
TOP.69ee25e6.0000327a	user_options->restore_timer	1
TOP.69ee25e6.0000327a	user_options->rp_files_cnt	0
TOP.69ee25e6.0000327a	user_options->rp_gen	0
TOP.69ee25e6.0000327a	user_options->rp_gen_func_max	4
TOP.69ee25e6.0000327a	user_options->rp_gen_func_min	1
TOP.69ee25e6.0000327a	user_options->rp_gen_seed	0
TOP.69ee25e6.0000327a	user_options->runtime	0
TOP.69ee25e6.0000327a	user_options->scrypt_tmto	0
TOP.69ee25e6.0000327a	user_options->segment_size	33554432
TOP.69ee25e6.0000327a	user_options->self_test	1
TOP.69ee25e6.0000327a	user_options->slow_candidates	0
TOP.69ee25e6.0000327a	user_options->show	0
TOP.69ee25e6.0000327a	user_options->speed_only	0
TOP.69ee25e6.0000327a	user_options->spin_damp	0
TOP.69ee25e6.0000327a	user_options->status	0
TOP.69ee25e6.0000327a	user_options->status_json	0
TOP.69ee25e6.0000327a	user_options->status_timer	10
TOP.69ee25e6.0000327a	user_options->stdout_flag	0
TOP.69ee25e6.0000327a	user_options->usage	0
TOP.69ee25e6.0000327a	user_options->username	0
TOP.69ee25e6.0000327a	user_options->veracrypt_pim_start	485
TOP.69ee25e6.0000327a	user_options->veracrypt_pim_stop	485
TOP.69ee25e6.0000327a	user_options->version	0
TOP.69ee25e6.0000327a	user_options->workload_profile	2
TOP.69ee25e6.0000327a	user_options->brain_client	0
TOP.69ee25e6.0000327a	user_options->brain_client_features	2
TOP.69ee25e6.0000327a	user_options->brain_server	0
TOP.69ee25e6.0000327a	user_options->brain_server_timer	300
TOP.69ee25e6.0000327a	user_options->brain_port	6863
TOP.69ee25e6.0000327a	user_options->brain_session	0
TOP.69ee25e6.0000327a	hashes->hashfile	test_hash.txt
TOP.69ee25e6.0000327a	hashes->hashlist_mode	5
TOP.69ee25e6.0000327a	hashes->hashlist_format	0
TOP.69ee25e6.0000327a	hashes->hashes_cnt	0
TOP.69ee25e6.0000327a	hashes->digests_cnt	1
TOP.69ee25e6.0000327a	hashes->digests_done_pot	0
TOP.69ee25e6.0000327a	hashes->digests_done_zero	0
TOP.69ee25e6.0000327a	hashes->digests_done	0
TOP.69ee25e6.0000327a	hashes->salts_cnt	1
TOP.69ee25e6.0000327a	hashes->salts_done	0
TOP.69ee25e6.0000327a	SUB.69ee25e8.0005c545	START
TOP.69ee25e6.0000327a	SUB.69ee25e8.0005c545	straight_ctx->dict	test_word.txt
TOP.69ee25e6.0000327a	SUB.69ee25e8.0005c545	runtime_start	1777214952
TOP.69ee25e6.0000327a	SUB.69ee25e8.0005c545	runtime_stop	1777214952
TOP.69ee25e6.0000327a	SUB.69ee25e8.0005c545	hashes->digests_done_new	1
TOP.69ee25e6.0000327a	SUB.69ee25e8.0005c545	status-after-work	6
TOP.69ee25e6.0000327a	SUB.69ee25e8.0005c545	STOP
TOP.69ee25e6.0000327a	proc_start	1777214950
TOP.69ee25e6.0000327a	proc_stop	1777214953
TOP.69ee25e6.0000327a	STOP
TOP.69ee26d2.000de232	START
TOP.69ee26d2.000de232	folder_config->cwd	C:\Users\Lenovo\Desktop\Mini Project\Penetration-Testing-Framework-API\tools\hashcat
TOP.69ee26d2.000de232	folder_config->install_dir	.
TOP.69ee26d2.000de232	folder_config->profile_dir	.
TOP.69ee26d2.000de232	folder_config->session_dir	.
TOP.69ee26d2.000de232	folder_config->shared_dir	.
TOP.69ee26d2.000de232	user_options->encoding_from	utf-8
TOP.69ee26d2.000de232	user_options->encoding_to	utf-8
TOP.69ee26d2.000de232	user_options->outfile	C:\Users\Lenovo\Desktop\Mini Project\Penetration-Testing-Framework-API\reports\hashcat_output\cracked_20260426_202306.txt
TOP.69ee26d2.000de232	user_options->rule_buf_l	:
TOP.69ee26d2.000de232	user_options->rule_buf_r	:
TOP.69ee26d2.000de232	user_options->session	hashcat
TOP.69ee26d2.000de232	user_options->separator	:
TOP.69ee26d2.000de232	user_options->limit	0
TOP.69ee26d2.000de232	user_options->skip	0
TOP.69ee26d2.000de232	user_options->attack_mode	0
TOP.69ee26d2.000de232	user_options->backend_devices_virtmulti	1
TOP.69ee26d2.000de232	user_options->backend_devices_virthost	1
TOP.69ee26d2.000de232	user_options->backend_devices_keepfree	0
TOP.69ee26d2.000de232	user_options->benchmark	0
TOP.69ee26d2.000de232	user_options->benchmark_all	0
TOP.69ee26d2.000de232	user_options->benchmark_max	99999
TOP.69ee26d2.000de232	user_options->benchmark_min	0
TOP.69ee26d2.000de232	user_options->bitmap_max	18
TOP.69ee26d2.000de232	user_options->bitmap_min	16
TOP.69ee26d2.000de232	user_options->debug_mode	0
TOP.69ee26d2.000de232	user_options->dynamic_x	0
TOP.69ee26d2.000de232	user_options->hash_info	0
TOP.69ee26d2.000de232	user_options->force	1
TOP.69ee26d2.000de232	user_options->hwmon	1
TOP.69ee26d2.000de232	user_options->hwmon_temp_abort	90
TOP.69ee26d2.000de232	user_options->hash_mode	0
TOP.69ee26d2.000de232	user_options->hex_charset	0
TOP.69ee26d2.000de232	user_options->hex_salt	0
TOP.69ee26d2.000de232	user_options->hex_wordlist	0
TOP.69ee26d2.000de232	user_options->hook_threads	12
TOP.69ee26d2.000de232	user_options->identify	0
TOP.69ee26d2.000de232	user_options->increment	0
TOP.69ee26d2.000de232	user_options->increment_max	256
TOP.69ee26d2.000de232	user_options->increment_min	1
TOP.69ee26d2.000de232	user_options->keep_guessing	0
TOP.69ee26d2.000de232	user_options->kernel_accel	0
TOP.69ee26d2.000de232	user_options->kernel_loops	0
TOP.69ee26d2.000de232	user_options->kernel_threads	0
TOP.69ee26d2.000de232	user_options->keyspace	0
TOP.69ee26d2.000de232	user_options->total_candidates	0
TOP.69ee26d2.000de232	user_options->left	0
TOP.69ee26d2.000de232	user_options->logfile	1
TOP.69ee26d2.000de232	user_options->loopback	0
TOP.69ee26d2.000de232	user_options->machine_readable	0
TOP.69ee26d2.000de232	user_options->markov_classic	0
TOP.69ee26d2.000de232	user_options->markov	1
TOP.69ee26d2.000de232	user_options->markov_inverse	0
TOP.69ee26d2.000de232	user_options->markov_threshold	256
TOP.69ee26d2.000de232	user_options->metal_compiler_runtime	120
TOP.69ee26d2.000de232	user_options->multiply_accel	1
TOP.69ee26d2.000de232	user_options->backend_info	0
TOP.69ee26d2.000de232	user_options->backend_vector_width	0
TOP.69ee26d2.000de232	user_options->optimized_kernel	0
TOP.69ee26d2.000de232	user_options->outfile_autohex	1
TOP.69ee26d2.000de232	user_options->outfile_check_timer	5
TOP.69ee26d2.000de232	user_options->outfile_format	2
TOP.69ee26d2.000de232	user_options->outfile_json	0
TOP.69ee26d2.000de232	user_options->wordlist_autohex	1
TOP.69ee26d2.000de232	user_options->potfile	1
TOP.69ee26d2.000de232	user_options->progress_only	0
TOP.69ee26d2.000de232	user_options->quiet	0
TOP.69ee26d2.000de232	user_options->remove	0
TOP.69ee26d2.000de232	user_options->remove_timer	60
TOP.69ee26d2.000de232	user_options->restore	0
TOP.69ee26d2.000de232	user_options->restore_enable	1
TOP.69ee26d2.000de232	user_options->restore_timer	1
TOP.69ee26d2.000de232	user_options->rp_files_cnt	0
TOP.69ee26d2.000de232	user_options->rp_gen	0
TOP.69ee26d2.000de232	user_options->rp_gen_func_max	4
TOP.69ee26d2.000de232	user_options->rp_gen_func_min	1
TOP.69ee26d2.000de232	user_options->rp_gen_seed	0
TOP.69ee26d2.000de232	user_options->runtime	0
TOP.69ee26d2.000de232	user_options->scrypt_tmto	0
TOP.69ee26d2.000de232	user_options->segment_size	33554432
TOP.69ee26d2.000de232	user_options->self_test	1
TOP.69ee26d2.000de232	user_options->slow_candidates	0
TOP.69ee26d2.000de232	user_options->show	0
TOP.69ee26d2.000de232	user_options->speed_only	0
TOP.69ee26d2.000de232	user_options->spin_damp	0
TOP.69ee26d2.000de232	user_options->status	0
TOP.69ee26d2.000de232	user_options->status_json	0
TOP.69ee26d2.000de232	user_options->status_timer	10
TOP.69ee26d2.000de232	user_options->stdout_flag	0
TOP.69ee26d2.000de232	user_options->usage	0
TOP.69ee26d2.000de232	user_options->username	0
TOP.69ee26d2.000de232	user_options->veracrypt_pim_start	485
TOP.69ee26d2.000de232	user_options->veracrypt_pim_stop	485
TOP.69ee26d2.000de232	user_options->version	0
TOP.69ee26d2.000de232	user_options->workload_profile	2
TOP.69ee26d2.000de232	user_options->brain_client	0
TOP.69ee26d2.000de232	user_options->brain_client_features	2
TOP.69ee26d2.000de232	user_options->brain_server	0
TOP.69ee26d2.000de232	user_options->brain_server_timer	300
TOP.69ee26d2.000de232	user_options->brain_port	6863
TOP.69ee26d2.000de232	user_options->brain_session	0
TOP.69ee26d2.000de232	proc_start	1777215186
TOP.69ee26d2.000de232	proc_stop	1777215188
TOP.69ee26d2.000de232	STOP
TOP.69ee277c.00069007	START
TOP.69ee277c.00069007	folder_config->cwd	C:\Users\Lenovo\Desktop\Mini Project\Penetration-Testing-Framework-API\tools\hashcat
TOP.69ee277c.00069007	folder_config->install_dir	.
TOP.69ee277c.00069007	folder_config->profile_dir	.
TOP.69ee277c.00069007	folder_config->session_dir	.
TOP.69ee277c.00069007	folder_config->shared_dir	.
TOP.69ee277c.00069007	user_options->encoding_from	utf-8
TOP.69ee277c.00069007	user_options->encoding_to	utf-8
TOP.69ee277c.00069007	user_options->outfile	cracked_test.txt
TOP.69ee277c.00069007	user_options->rule_buf_l	:
TOP.69ee277c.00069007	user_options->rule_buf_r	:
TOP.69ee277c.00069007	user_options->session	hashcat
TOP.69ee277c.00069007	user_options->separator	:
TOP.69ee277c.00069007	user_options->limit	0
TOP.69ee277c.00069007	user_options->skip	0
TOP.69ee277c.00069007	user_options->attack_mode	0
TOP.69ee277c.00069007	user_options->backend_devices_virtmulti	1
TOP.69ee277c.00069007	user_options->backend_devices_virthost	1
TOP.69ee277c.00069007	user_options->backend_devices_keepfree	0
TOP.69ee277c.00069007	user_options->benchmark	0
TOP.69ee277c.00069007	user_options->benchmark_all	0
TOP.69ee277c.00069007	user_options->benchmark_max	99999
TOP.69ee277c.00069007	user_options->benchmark_min	0
TOP.69ee277c.00069007	user_options->bitmap_max	18
TOP.69ee277c.00069007	user_options->bitmap_min	16
TOP.69ee277c.00069007	user_options->debug_mode	0
TOP.69ee277c.00069007	user_options->dynamic_x	0
TOP.69ee277c.00069007	user_options->hash_info	0
TOP.69ee277c.00069007	user_options->force	1
TOP.69ee277c.00069007	user_options->hwmon	1
TOP.69ee277c.00069007	user_options->hwmon_temp_abort	90
TOP.69ee277c.00069007	user_options->hash_mode	0
TOP.69ee277c.00069007	user_options->hex_charset	0
TOP.69ee277c.00069007	user_options->hex_salt	0
TOP.69ee277c.00069007	user_options->hex_wordlist	0
TOP.69ee277c.00069007	user_options->hook_threads	12
TOP.69ee277c.00069007	user_options->identify	0
TOP.69ee277c.00069007	user_options->increment	0
TOP.69ee277c.00069007	user_options->increment_max	256
TOP.69ee277c.00069007	user_options->increment_min	1
TOP.69ee277c.00069007	user_options->keep_guessing	0
TOP.69ee277c.00069007	user_options->kernel_accel	0
TOP.69ee277c.00069007	user_options->kernel_loops	0
TOP.69ee277c.00069007	user_options->kernel_threads	0
TOP.69ee277c.00069007	user_options->keyspace	0
TOP.69ee277c.00069007	user_options->total_candidates	0
TOP.69ee277c.00069007	user_options->left	0
TOP.69ee277c.00069007	user_options->logfile	1
TOP.69ee277c.00069007	user_options->loopback	0
TOP.69ee277c.00069007	user_options->machine_readable	0
TOP.69ee277c.00069007	user_options->markov_classic	0
TOP.69ee277c.00069007	user_options->markov	1
TOP.69ee277c.00069007	user_options->markov_inverse	0
TOP.69ee277c.00069007	user_options->markov_threshold	256
TOP.69ee277c.00069007	user_options->metal_compiler_runtime	120
TOP.69ee277c.00069007	user_options->multiply_accel	1
TOP.69ee277c.00069007	user_options->backend_info	0
TOP.69ee277c.00069007	user_options->backend_vector_width	0
TOP.69ee277c.00069007	user_options->optimized_kernel	0
TOP.69ee277c.00069007	user_options->outfile_autohex	1
TOP.69ee277c.00069007	user_options->outfile_check_timer	5
TOP.69ee277c.00069007	user_options->outfile_format	3
TOP.69ee277c.00069007	user_options->outfile_json	0
TOP.69ee277c.00069007	user_options->wordlist_autohex	1
TOP.69ee277c.00069007	user_options->potfile	0
TOP.69ee277c.00069007	user_options->progress_only	0
TOP.69ee277c.00069007	user_options->quiet	0
TOP.69ee277c.00069007	user_options->remove	0
TOP.69ee277c.00069007	user_options->remove_timer	60
TOP.69ee277c.00069007	user_options->restore	0
TOP.69ee277c.00069007	user_options->restore_enable	1
TOP.69ee277c.00069007	user_options->restore_timer	1
TOP.69ee277c.00069007	user_options->rp_files_cnt	0
TOP.69ee277c.00069007	user_options->rp_gen	0
TOP.69ee277c.00069007	user_options->rp_gen_func_max	4
TOP.69ee277c.00069007	user_options->rp_gen_func_min	1
TOP.69ee277c.00069007	user_options->rp_gen_seed	0
TOP.69ee277c.00069007	user_options->runtime	0
TOP.69ee277c.00069007	user_options->scrypt_tmto	0
TOP.69ee277c.00069007	user_options->segment_size	33554432
TOP.69ee277c.00069007	user_options->self_test	1
TOP.69ee277c.00069007	user_options->slow_candidates	0
TOP.69ee277c.00069007	user_options->show	0
TOP.69ee277c.00069007	user_options->speed_only	0
TOP.69ee277c.00069007	user_options->spin_damp	0
TOP.69ee277c.00069007	user_options->status	0
TOP.69ee277c.00069007	user_options->status_json	0
TOP.69ee277c.00069007	user_options->status_timer	10
TOP.69ee277c.00069007	user_options->stdout_flag	0
TOP.69ee277c.00069007	user_options->usage	0
TOP.69ee277c.00069007	user_options->username	0
TOP.69ee277c.00069007	user_options->veracrypt_pim_start	485
TOP.69ee277c.00069007	user_options->veracrypt_pim_stop	485
TOP.69ee277c.00069007	user_options->version	0
TOP.69ee277c.00069007	user_options->workload_profile	2
TOP.69ee277c.00069007	user_options->brain_client	0
TOP.69ee277c.00069007	user_options->brain_client_features	2
TOP.69ee277c.00069007	user_options->brain_server	0
TOP.69ee277c.00069007	user_options->brain_server_timer	300
TOP.69ee277c.00069007	user_options->brain_port	6863
TOP.69ee277c.00069007	user_options->brain_session	0
TOP.69ee277c.00069007	hashes->hashfile	test_hash.txt
TOP.69ee277c.00069007	hashes->hashlist_mode	5
TOP.69ee277c.00069007	hashes->hashlist_format	0
TOP.69ee277c.00069007	hashes->hashes_cnt	0
TOP.69ee277c.00069007	hashes->digests_cnt	1
TOP.69ee277c.00069007	hashes->digests_done_pot	0
TOP.69ee277c.00069007	hashes->digests_done_zero	0
TOP.69ee277c.00069007	hashes->digests_done	0
TOP.69ee277c.00069007	hashes->salts_cnt	1
TOP.69ee277c.00069007	hashes->salts_done	0
TOP.69ee277c.00069007	SUB.69ee277e.000b46f8	START
TOP.69ee277c.00069007	SUB.69ee277e.000b46f8	straight_ctx->dict	test_word.txt
TOP.69ee277c.00069007	SUB.69ee277e.000b46f8	runtime_start	1777215358
TOP.69ee277c.00069007	SUB.69ee277e.000b46f8	runtime_stop	1777215358
TOP.69ee277c.00069007	SUB.69ee277e.000b46f8	hashes->digests_done_new	1
TOP.69ee277c.00069007	SUB.69ee277e.000b46f8	status-after-work	6
TOP.69ee277c.00069007	SUB.69ee277e.000b46f8	STOP
TOP.69ee277c.00069007	proc_start	1777215356
TOP.69ee277c.00069007	proc_stop	1777215359
TOP.69ee277c.00069007	STOP
TOP.69ee281e.000b95ee	START
TOP.69ee281e.000b95ee	folder_config->cwd	C:\Users\Lenovo\Desktop\Mini Project\Penetration-Testing-Framework-API\tools\hashcat
TOP.69ee281e.000b95ee	folder_config->install_dir	.
TOP.69ee281e.000b95ee	folder_config->profile_dir	.
TOP.69ee281e.000b95ee	folder_config->session_dir	.
TOP.69ee281e.000b95ee	folder_config->shared_dir	.
TOP.69ee281e.000b95ee	user_options->encoding_from	utf-8
TOP.69ee281e.000b95ee	user_options->encoding_to	utf-8
TOP.69ee281e.000b95ee	user_options->outfile	C:\Users\Lenovo\Desktop\Mini Project\Penetration-Testing-Framework-API\reports\hashcat_output\cracked_20260426_202838.txt
TOP.69ee281e.000b95ee	user_options->rule_buf_l	:
TOP.69ee281e.000b95ee	user_options->rule_buf_r	:
TOP.69ee281e.000b95ee	user_options->session	hashcat
TOP.69ee281e.000b95ee	user_options->separator	:
TOP.69ee281e.000b95ee	user_options->limit	0
TOP.69ee281e.000b95ee	user_options->skip	0
TOP.69ee281e.000b95ee	user_options->attack_mode	3
TOP.69ee281e.000b95ee	user_options->backend_devices_virtmulti	1
TOP.69ee281e.000b95ee	user_options->backend_devices_virthost	1
TOP.69ee281e.000b95ee	user_options->backend_devices_keepfree	0
TOP.69ee281e.000b95ee	user_options->benchmark	0
TOP.69ee281e.000b95ee	user_options->benchmark_all	0
TOP.69ee281e.000b95ee	user_options->benchmark_max	99999
TOP.69ee281e.000b95ee	user_options->benchmark_min	0
TOP.69ee281e.000b95ee	user_options->bitmap_max	18
TOP.69ee281e.000b95ee	user_options->bitmap_min	16
TOP.69ee281e.000b95ee	user_options->debug_mode	0
TOP.69ee281e.000b95ee	user_options->dynamic_x	0
TOP.69ee281e.000b95ee	user_options->hash_info	0
TOP.69ee281e.000b95ee	user_options->force	1
TOP.69ee281e.000b95ee	user_options->hwmon	1
TOP.69ee281e.000b95ee	user_options->hwmon_temp_abort	90
TOP.69ee281e.000b95ee	user_options->hash_mode	0
TOP.69ee281e.000b95ee	user_options->hex_charset	0
TOP.69ee281e.000b95ee	user_options->hex_salt	0
TOP.69ee281e.000b95ee	user_options->hex_wordlist	0
TOP.69ee281e.000b95ee	user_options->hook_threads	12
TOP.69ee281e.000b95ee	user_options->identify	0
TOP.69ee281e.000b95ee	user_options->increment	0
TOP.69ee281e.000b95ee	user_options->increment_max	256
TOP.69ee281e.000b95ee	user_options->increment_min	1
TOP.69ee281e.000b95ee	user_options->keep_guessing	0
TOP.69ee281e.000b95ee	user_options->kernel_accel	0
TOP.69ee281e.000b95ee	user_options->kernel_loops	0
TOP.69ee281e.000b95ee	user_options->kernel_threads	0
TOP.69ee281e.000b95ee	user_options->keyspace	0
TOP.69ee281e.000b95ee	user_options->total_candidates	0
TOP.69ee281e.000b95ee	user_options->left	0
TOP.69ee281e.000b95ee	user_options->logfile	1
TOP.69ee281e.000b95ee	user_options->loopback	0
TOP.69ee281e.000b95ee	user_options->machine_readable	0
TOP.69ee281e.000b95ee	user_options->markov_classic	0
TOP.69ee281e.000b95ee	user_options->markov	1
TOP.69ee281e.000b95ee	user_options->markov_inverse	0
TOP.69ee281e.000b95ee	user_options->markov_threshold	256
TOP.69ee281e.000b95ee	user_options->metal_compiler_runtime	120
TOP.69ee281e.000b95ee	user_options->multiply_accel	1
TOP.69ee281e.000b95ee	user_options->backend_info	0
TOP.69ee281e.000b95ee	user_options->backend_vector_width	0
TOP.69ee281e.000b95ee	user_options->optimized_kernel	0
TOP.69ee281e.000b95ee	user_options->outfile_autohex	1
TOP.69ee281e.000b95ee	user_options->outfile_check_timer	5
TOP.69ee281e.000b95ee	user_options->outfile_format	2
TOP.69ee281e.000b95ee	user_options->outfile_json	0
TOP.69ee281e.000b95ee	user_options->wordlist_autohex	1
TOP.69ee281e.000b95ee	user_options->potfile	1
TOP.69ee281e.000b95ee	user_options->progress_only	0
TOP.69ee281e.000b95ee	user_options->quiet	0
TOP.69ee281e.000b95ee	user_options->remove	0
TOP.69ee281e.000b95ee	user_options->remove_timer	60
TOP.69ee281e.000b95ee	user_options->restore	0
TOP.69ee281e.000b95ee	user_options->restore_enable	1
TOP.69ee281e.000b95ee	user_options->restore_timer	1
TOP.69ee281e.000b95ee	user_options->rp_files_cnt	0
TOP.69ee281e.000b95ee	user_options->rp_gen	0
TOP.69ee281e.000b95ee	user_options->rp_gen_func_max	4
TOP.69ee281e.000b95ee	user_options->rp_gen_func_min	1
TOP.69ee281e.000b95ee	user_options->rp_gen_seed	0
TOP.69ee281e.000b95ee	user_options->runtime	0
TOP.69ee281e.000b95ee	user_options->scrypt_tmto	0
TOP.69ee281e.000b95ee	user_options->segment_size	33554432
TOP.69ee281e.000b95ee	user_options->self_test	1
TOP.69ee281e.000b95ee	user_options->slow_candidates	0
TOP.69ee281e.000b95ee	user_options->show	0
TOP.69ee281e.000b95ee	user_options->speed_only	0
TOP.69ee281e.000b95ee	user_options->spin_damp	0
TOP.69ee281e.000b95ee	user_options->status	0
TOP.69ee281e.000b95ee	user_options->status_json	0
TOP.69ee281e.000b95ee	user_options->status_timer	10
TOP.69ee281e.000b95ee	user_options->stdout_flag	0
TOP.69ee281e.000b95ee	user_options->usage	0
TOP.69ee281e.000b95ee	user_options->username	0
TOP.69ee281e.000b95ee	user_options->veracrypt_pim_start	485
TOP.69ee281e.000b95ee	user_options->veracrypt_pim_stop	485
TOP.69ee281e.000b95ee	user_options->version	0
TOP.69ee281e.000b95ee	user_options->workload_profile	2
TOP.69ee281e.000b95ee	user_options->brain_client	0
TOP.69ee281e.000b95ee	user_options->brain_client_features	2
TOP.69ee281e.000b95ee	user_options->brain_server	0
TOP.69ee281e.000b95ee	user_options->brain_server_timer	300
TOP.69ee281e.000b95ee	user_options->brain_port	6863
TOP.69ee281e.000b95ee	user_options->brain_session	0
TOP.69ee281e.000b95ee	proc_start	1777215518
TOP.69ee281e.000b95ee	proc_stop	1777215521
TOP.69ee281e.000b95ee	STOP
TOP.69ee2852.000e31ab	START
TOP.69ee2852.000e31ab	folder_config->cwd	C:\Users\Lenovo\Desktop\Mini Project\Penetration-Testing-Framework-API\tools\hashcat
TOP.69ee2852.000e31ab	folder_config->install_dir	.
TOP.69ee2852.000e31ab	folder_config->profile_dir	.
TOP.69ee2852.000e31ab	folder_config->session_dir	.
TOP.69ee2852.000e31ab	folder_config->shared_dir	.
TOP.69ee2852.000e31ab	user_options->encoding_from	utf-8
TOP.69ee2852.000e31ab	user_options->encoding_to	utf-8
TOP.69ee2852.000e31ab	user_options->outfile	C:\Users\Lenovo\Desktop\Mini Project\Penetration-Testing-Framework-API\reports\hashcat_output\cracked_20260426_202930.txt
TOP.69ee2852.000e31ab	user_options->rule_buf_l	:
TOP.69ee2852.000e31ab	user_options->rule_buf_r	:
TOP.69ee2852.000e31ab	user_options->session	hashcat
TOP.69ee2852.000e31ab	user_options->separator	:
TOP.69ee2852.000e31ab	user_options->limit	0
TOP.69ee2852.000e31ab	user_options->skip	0
TOP.69ee2852.000e31ab	user_options->attack_mode	0
TOP.69ee2852.000e31ab	user_options->backend_devices_virtmulti	1
TOP.69ee2852.000e31ab	user_options->backend_devices_virthost	1
TOP.69ee2852.000e31ab	user_options->backend_devices_keepfree	0
TOP.69ee2852.000e31ab	user_options->benchmark	0
TOP.69ee2852.000e31ab	user_options->benchmark_all	0
TOP.69ee2852.000e31ab	user_options->benchmark_max	99999
TOP.69ee2852.000e31ab	user_options->benchmark_min	0
TOP.69ee2852.000e31ab	user_options->bitmap_max	18
TOP.69ee2852.000e31ab	user_options->bitmap_min	16
TOP.69ee2852.000e31ab	user_options->debug_mode	0
TOP.69ee2852.000e31ab	user_options->dynamic_x	0
TOP.69ee2852.000e31ab	user_options->hash_info	0
TOP.69ee2852.000e31ab	user_options->force	1
TOP.69ee2852.000e31ab	user_options->hwmon	1
TOP.69ee2852.000e31ab	user_options->hwmon_temp_abort	90
TOP.69ee2852.000e31ab	user_options->hash_mode	0
TOP.69ee2852.000e31ab	user_options->hex_charset	0
TOP.69ee2852.000e31ab	user_options->hex_salt	0
TOP.69ee2852.000e31ab	user_options->hex_wordlist	0
TOP.69ee2852.000e31ab	user_options->hook_threads	12
TOP.69ee2852.000e31ab	user_options->identify	0
TOP.69ee2852.000e31ab	user_options->increment	0
TOP.69ee2852.000e31ab	user_options->increment_max	256
TOP.69ee2852.000e31ab	user_options->increment_min	1
TOP.69ee2852.000e31ab	user_options->keep_guessing	0
TOP.69ee2852.000e31ab	user_options->kernel_accel	0
TOP.69ee2852.000e31ab	user_options->kernel_loops	0
TOP.69ee2852.000e31ab	user_options->kernel_threads	0
TOP.69ee2852.000e31ab	user_options->keyspace	0
TOP.69ee2852.000e31ab	user_options->total_candidates	0
TOP.69ee2852.000e31ab	user_options->left	0
TOP.69ee2852.000e31ab	user_options->logfile	1
TOP.69ee2852.000e31ab	user_options->loopback	0
TOP.69ee2852.000e31ab	user_options->machine_readable	0
TOP.69ee2852.000e31ab	user_options->markov_classic	0
TOP.69ee2852.000e31ab	user_options->markov	1
TOP.69ee2852.000e31ab	user_options->markov_inverse	0
TOP.69ee2852.000e31ab	user_options->markov_threshold	256
TOP.69ee2852.000e31ab	user_options->metal_compiler_runtime	120
TOP.69ee2852.000e31ab	user_options->multiply_accel	1
TOP.69ee2852.000e31ab	user_options->backend_info	0
TOP.69ee2852.000e31ab	user_options->backend_vector_width	0
TOP.69ee2852.000e31ab	user_options->optimized_kernel	0
TOP.69ee2852.000e31ab	user_options->outfile_autohex	1
TOP.69ee2852.000e31ab	user_options->outfile_check_timer	5
TOP.69ee2852.000e31ab	user_options->outfile_format	2
TOP.69ee2852.000e31ab	user_options->outfile_json	0
TOP.69ee2852.000e31ab	user_options->wordlist_autohex	1
TOP.69ee2852.000e31ab	user_options->potfile	1
TOP.69ee2852.000e31ab	user_options->progress_only	0
TOP.69ee2852.000e31ab	user_options->quiet	0
TOP.69ee2852.000e31ab	user_options->remove	0
TOP.69ee2852.000e31ab	user_options->remove_timer	60
TOP.69ee2852.000e31ab	user_options->restore	0
TOP.69ee2852.000e31ab	user_options->restore_enable	1
TOP.69ee2852.000e31ab	user_options->restore_timer	1
TOP.69ee2852.000e31ab	user_options->rp_files_cnt	0
TOP.69ee2852.000e31ab	user_options->rp_gen	0
TOP.69ee2852.000e31ab	user_options->rp_gen_func_max	4
TOP.69ee2852.000e31ab	user_options->rp_gen_func_min	1
TOP.69ee2852.000e31ab	user_options->rp_gen_seed	0
TOP.69ee2852.000e31ab	user_options->runtime	0
TOP.69ee2852.000e31ab	user_options->scrypt_tmto	0
TOP.69ee2852.000e31ab	user_options->segment_size	33554432
TOP.69ee2852.000e31ab	user_options->self_test	1
TOP.69ee2852.000e31ab	user_options->slow_candidates	0
TOP.69ee2852.000e31ab	user_options->show	0
TOP.69ee2852.000e31ab	user_options->speed_only	0
TOP.69ee2852.000e31ab	user_options->spin_damp	0
TOP.69ee2852.000e31ab	user_options->status	0
TOP.69ee2852.000e31ab	user_options->status_json	0
TOP.69ee2852.000e31ab	user_options->status_timer	10
TOP.69ee2852.000e31ab	user_options->stdout_flag	0
TOP.69ee2852.000e31ab	user_options->usage	0
TOP.69ee2852.000e31ab	user_options->username	0
TOP.69ee2852.000e31ab	user_options->veracrypt_pim_start	485
TOP.69ee2852.000e31ab	user_options->veracrypt_pim_stop	485
TOP.69ee2852.000e31ab	user_options->version	0
TOP.69ee2852.000e31ab	user_options->workload_profile	2
TOP.69ee2852.000e31ab	user_options->brain_client	0
TOP.69ee2852.000e31ab	user_options->brain_client_features	2
TOP.69ee2852.000e31ab	user_options->brain_server	0
TOP.69ee2852.000e31ab	user_options->brain_server_timer	300
TOP.69ee2852.000e31ab	user_options->brain_port	6863
TOP.69ee2852.000e31ab	user_options->brain_session	0
TOP.69ee2852.000e31ab	proc_start	1777215570
TOP.69ee2852.000e31ab	proc_stop	1777215572
TOP.69ee2852.000e31ab	STOP
TOP.69ee46cb.0008023a	START
TOP.69ee46cb.0008023a	folder_config->cwd	C:\Users\Lenovo\Desktop\Mini Project\Penetration-Testing-Framework-API\tools\hashcat
TOP.69ee46cb.0008023a	folder_config->install_dir	.
TOP.69ee46cb.0008023a	folder_config->profile_dir	.
TOP.69ee46cb.0008023a	folder_config->session_dir	.
TOP.69ee46cb.0008023a	folder_config->shared_dir	.
TOP.69ee46cb.0008023a	user_options->encoding_from	utf-8
TOP.69ee46cb.0008023a	user_options->encoding_to	utf-8
TOP.69ee46cb.0008023a	user_options->outfile	C:\Users\Lenovo\Desktop\Mini Project\Penetration-Testing-Framework-API\reports\hashcat_output\cracked_20260426_223930.txt
TOP.69ee46cb.0008023a	user_options->rule_buf_l	:
TOP.69ee46cb.0008023a	user_options->rule_buf_r	:
TOP.69ee46cb.0008023a	user_options->session	hashcat
TOP.69ee46cb.0008023a	user_options->separator	:
TOP.69ee46cb.0008023a	user_options->limit	0
TOP.69ee46cb.0008023a	user_options->skip	0
TOP.69ee46cb.0008023a	user_options->attack_mode	0
TOP.69ee46cb.0008023a	user_options->backend_devices_virtmulti	1
TOP.69ee46cb.0008023a	user_options->backend_devices_virthost	1
TOP.69ee46cb.0008023a	user_options->backend_devices_keepfree	0
TOP.69ee46cb.0008023a	user_options->benchmark	0
TOP.69ee46cb.0008023a	user_options->benchmark_all	0
TOP.69ee46cb.0008023a	user_options->benchmark_max	99999
TOP.69ee46cb.0008023a	user_options->benchmark_min	0
TOP.69ee46cb.0008023a	user_options->bitmap_max	18
TOP.69ee46cb.0008023a	user_options->bitmap_min	16
TOP.69ee46cb.0008023a	user_options->debug_mode	0
TOP.69ee46cb.0008023a	user_options->dynamic_x	0
TOP.69ee46cb.0008023a	user_options->hash_info	0
TOP.69ee46cb.0008023a	user_options->force	1
TOP.69ee46cb.0008023a	user_options->hwmon	1
TOP.69ee46cb.0008023a	user_options->hwmon_temp_abort	90
TOP.69ee46cb.0008023a	user_options->hash_mode	0
TOP.69ee46cb.0008023a	user_options->hex_charset	0
TOP.69ee46cb.0008023a	user_options->hex_salt	0
TOP.69ee46cb.0008023a	user_options->hex_wordlist	0
TOP.69ee46cb.0008023a	user_options->hook_threads	12
TOP.69ee46cb.0008023a	user_options->identify	0
TOP.69ee46cb.0008023a	user_options->increment	0
TOP.69ee46cb.0008023a	user_options->increment_max	256
TOP.69ee46cb.0008023a	user_options->increment_min	1
TOP.69ee46cb.0008023a	user_options->keep_guessing	0
TOP.69ee46cb.0008023a	user_options->kernel_accel	0
TOP.69ee46cb.0008023a	user_options->kernel_loops	0
TOP.69ee46cb.0008023a	user_options->kernel_threads	0
TOP.69ee46cb.0008023a	user_options->keyspace	0
TOP.69ee46cb.0008023a	user_options->total_candidates	0
TOP.69ee46cb.0008023a	user_options->left	0
TOP.69ee46cb.0008023a	user_options->logfile	1
TOP.69ee46cb.0008023a	user_options->loopback	0
TOP.69ee46cb.0008023a	user_options->machine_readable	0
TOP.69ee46cb.0008023a	user_options->markov_classic	0
TOP.69ee46cb.0008023a	user_options->markov	1
TOP.69ee46cb.0008023a	user_options->markov_inverse	0
TOP.69ee46cb.0008023a	user_options->markov_threshold	256
TOP.69ee46cb.0008023a	user_options->metal_compiler_runtime	120
TOP.69ee46cb.0008023a	user_options->multiply_accel	1
TOP.69ee46cb.0008023a	user_options->backend_info	0
TOP.69ee46cb.0008023a	user_options->backend_vector_width	0
TOP.69ee46cb.0008023a	user_options->optimized_kernel	0
TOP.69ee46cb.0008023a	user_options->outfile_autohex	1
TOP.69ee46cb.0008023a	user_options->outfile_check_timer	5
TOP.69ee46cb.0008023a	user_options->outfile_format	2
TOP.69ee46cb.0008023a	user_options->outfile_json	0
TOP.69ee46cb.0008023a	user_options->wordlist_autohex	1
TOP.69ee46cb.0008023a	user_options->potfile	1
TOP.69ee46cb.0008023a	user_options->progress_only	0
TOP.69ee46cb.0008023a	user_options->quiet	0
TOP.69ee46cb.0008023a	user_options->remove	0
TOP.69ee46cb.0008023a	user_options->remove_timer	60
TOP.69ee46cb.0008023a	user_options->restore	0
TOP.69ee46cb.0008023a	user_options->restore_enable	1
TOP.69ee46cb.0008023a	user_options->restore_timer	1
TOP.69ee46cb.0008023a	user_options->rp_files_cnt	0
TOP.69ee46cb.0008023a	user_options->rp_gen	0
TOP.69ee46cb.0008023a	user_options->rp_gen_func_max	4
TOP.69ee46cb.0008023a	user_options->rp_gen_func_min	1
TOP.69ee46cb.0008023a	user_options->rp_gen_seed	0
TOP.69ee46cb.0008023a	user_options->runtime	0
TOP.69ee46cb.0008023a	user_options->scrypt_tmto	0
TOP.69ee46cb.0008023a	user_options->segment_size	33554432
TOP.69ee46cb.0008023a	user_options->self_test	1
TOP.69ee46cb.0008023a	user_options->slow_candidates	0
TOP.69ee46cb.0008023a	user_options->show	0
TOP.69ee46cb.0008023a	user_options->speed_only	0
TOP.69ee46cb.0008023a	user_options->spin_damp	0
TOP.69ee46cb.0008023a	user_options->status	0
TOP.69ee46cb.0008023a	user_options->status_json	0
TOP.69ee46cb.0008023a	user_options->status_timer	10
TOP.69ee46cb.0008023a	user_options->stdout_flag	0
TOP.69ee46cb.0008023a	user_options->usage	0
TOP.69ee46cb.0008023a	user_options->username	0
TOP.69ee46cb.0008023a	user_options->veracrypt_pim_start	485
TOP.69ee46cb.0008023a	user_options->veracrypt_pim_stop	485
TOP.69ee46cb.0008023a	user_options->version	0
TOP.69ee46cb.0008023a	user_options->workload_profile	2
TOP.69ee46cb.0008023a	user_options->brain_client	0
TOP.69ee46cb.0008023a	user_options->brain_client_features	2
TOP.69ee46cb.0008023a	user_options->brain_server	0
TOP.69ee46cb.0008023a	user_options->brain_server_timer	300
TOP.69ee46cb.0008023a	user_options->brain_port	6863
TOP.69ee46cb.0008023a	user_options->brain_session	0
TOP.69ee46cb.0008023a	proc_start	1777223371
TOP.69ee46cb.0008023a	proc_stop	1777223374
TOP.69ee46cb.0008023a	STOP
TOP.69ee4d64.000224de	START
TOP.69ee4d64.000224de	folder_config->cwd	C:\Users\Lenovo\Desktop\Mini Project\Penetration-Testing-Framework-API\tools\hashcat
TOP.69ee4d64.000224de	folder_config->install_dir	.
TOP.69ee4d64.000224de	folder_config->profile_dir	.
TOP.69ee4d64.000224de	folder_config->session_dir	.
TOP.69ee4d64.000224de	folder_config->shared_dir	.
TOP.69ee4d64.000224de	user_options->encoding_from	utf-8
TOP.69ee4d64.000224de	user_options->encoding_to	utf-8
TOP.69ee4d64.000224de	user_options->outfile	C:\Users\Lenovo\Desktop\Mini Project\Penetration-Testing-Framework-API\reports\hashcat_output\cracked_20260426_230739.txt
TOP.69ee4d64.000224de	user_options->rule_buf_l	:
TOP.69ee4d64.000224de	user_options->rule_buf_r	:
TOP.69ee4d64.000224de	user_options->session	hashcat
TOP.69ee4d64.000224de	user_options->separator	:
TOP.69ee4d64.000224de	user_options->limit	0
TOP.69ee4d64.000224de	user_options->skip	0
TOP.69ee4d64.000224de	user_options->attack_mode	0
TOP.69ee4d64.000224de	user_options->backend_devices_virtmulti	1
TOP.69ee4d64.000224de	user_options->backend_devices_virthost	1
TOP.69ee4d64.000224de	user_options->backend_devices_keepfree	0
TOP.69ee4d64.000224de	user_options->benchmark	0
TOP.69ee4d64.000224de	user_options->benchmark_all	0
TOP.69ee4d64.000224de	user_options->benchmark_max	99999
TOP.69ee4d64.000224de	user_options->benchmark_min	0
TOP.69ee4d64.000224de	user_options->bitmap_max	18
TOP.69ee4d64.000224de	user_options->bitmap_min	16
TOP.69ee4d64.000224de	user_options->debug_mode	0
TOP.69ee4d64.000224de	user_options->dynamic_x	0
TOP.69ee4d64.000224de	user_options->hash_info	0
TOP.69ee4d64.000224de	user_options->force	1
TOP.69ee4d64.000224de	user_options->hwmon	1
TOP.69ee4d64.000224de	user_options->hwmon_temp_abort	90
TOP.69ee4d64.000224de	user_options->hash_mode	0
TOP.69ee4d64.000224de	user_options->hex_charset	0
TOP.69ee4d64.000224de	user_options->hex_salt	0
TOP.69ee4d64.000224de	user_options->hex_wordlist	0
TOP.69ee4d64.000224de	user_options->hook_threads	12
TOP.69ee4d64.000224de	user_options->identify	0
TOP.69ee4d64.000224de	user_options->increment	0
TOP.69ee4d64.000224de	user_options->increment_max	256
TOP.69ee4d64.000224de	user_options->increment_min	1
TOP.69ee4d64.000224de	user_options->keep_guessing	0
TOP.69ee4d64.000224de	user_options->kernel_accel	0
TOP.69ee4d64.000224de	user_options->kernel_loops	0
TOP.69ee4d64.000224de	user_options->kernel_threads	0
TOP.69ee4d64.000224de	user_options->keyspace	0
TOP.69ee4d64.000224de	user_options->total_candidates	0
TOP.69ee4d64.000224de	user_options->left	0
TOP.69ee4d64.000224de	user_options->logfile	1
TOP.69ee4d64.000224de	user_options->loopback	0
TOP.69ee4d64.000224de	user_options->machine_readable	0
TOP.69ee4d64.000224de	user_options->markov_classic	0
TOP.69ee4d64.000224de	user_options->markov	1
TOP.69ee4d64.000224de	user_options->markov_inverse	0
TOP.69ee4d64.000224de	user_options->markov_threshold	256
TOP.69ee4d64.000224de	user_options->metal_compiler_runtime	120
TOP.69ee4d64.000224de	user_options->multiply_accel	1
TOP.69ee4d64.000224de	user_options->backend_info	0
TOP.69ee4d64.000224de	user_options->backend_vector_width	0
TOP.69ee4d64.000224de	user_options->optimized_kernel	0
TOP.69ee4d64.000224de	user_options->outfile_autohex	1
TOP.69ee4d64.000224de	user_options->outfile_check_timer	5
TOP.69ee4d64.000224de	user_options->outfile_format	2
TOP.69ee4d64.000224de	user_options->outfile_json	0
TOP.69ee4d64.000224de	user_options->wordlist_autohex	1
TOP.69ee4d64.000224de	user_options->potfile	1
TOP.69ee4d64.000224de	user_options->progress_only	0
TOP.69ee4d64.000224de	user_options->quiet	0
TOP.69ee4d64.000224de	user_options->remove	0
TOP.69ee4d64.000224de	user_options->remove_timer	60
TOP.69ee4d64.000224de	user_options->restore	0
TOP.69ee4d64.000224de	user_options->restore_enable	1
TOP.69ee4d64.000224de	user_options->restore_timer	1
TOP.69ee4d64.000224de	user_options->rp_files_cnt	0
TOP.69ee4d64.000224de	user_options->rp_gen	0
TOP.69ee4d64.000224de	user_options->rp_gen_func_max	4
TOP.69ee4d64.000224de	user_options->rp_gen_func_min	1
TOP.69ee4d64.000224de	user_options->rp_gen_seed	0
TOP.69ee4d64.000224de	user_options->runtime	0
TOP.69ee4d64.000224de	user_options->scrypt_tmto	0
TOP.69ee4d64.000224de	user_options->segment_size	33554432
TOP.69ee4d64.000224de	user_options->self_test	1
TOP.69ee4d64.000224de	user_options->slow_candidates	0
TOP.69ee4d64.000224de	user_options->show	0
TOP.69ee4d64.000224de	user_options->speed_only	0
TOP.69ee4d64.000224de	user_options->spin_damp	0
TOP.69ee4d64.000224de	user_options->status	0
TOP.69ee4d64.000224de	user_options->status_json	0
TOP.69ee4d64.000224de	user_options->status_timer	10
TOP.69ee4d64.000224de	user_options->stdout_flag	0
TOP.69ee4d64.000224de	user_options->usage	0
TOP.69ee4d64.000224de	user_options->username	0
TOP.69ee4d64.000224de	user_options->veracrypt_pim_start	485
TOP.69ee4d64.000224de	user_options->veracrypt_pim_stop	485
TOP.69ee4d64.000224de	user_options->version	0
TOP.69ee4d64.000224de	user_options->workload_profile	2
TOP.69ee4d64.000224de	user_options->brain_client	0
TOP.69ee4d64.000224de	user_options->brain_client_features	2
TOP.69ee4d64.000224de	user_options->brain_server	0
TOP.69ee4d64.000224de	user_options->brain_server_timer	300
TOP.69ee4d64.000224de	user_options->brain_port	6863
TOP.69ee4d64.000224de	user_options->brain_session	0
TOP.69ee4d64.000224de	proc_start	1777225060
TOP.69ee4d64.000224de	proc_stop	1777225062
TOP.69ee4d64.000224de	STOP
TOP.69ee4f26.0005e5ec	START
TOP.69ee4f26.0005e5ec	folder_config->cwd	C:\Users\Lenovo\Desktop\Mini Project\Penetration-Testing-Framework-API\tools\hashcat
TOP.69ee4f26.0005e5ec	folder_config->install_dir	.
TOP.69ee4f26.0005e5ec	folder_config->profile_dir	.
TOP.69ee4f26.0005e5ec	folder_config->session_dir	.
TOP.69ee4f26.0005e5ec	folder_config->shared_dir	.
TOP.69ee4f26.0005e5ec	user_options->encoding_from	utf-8
TOP.69ee4f26.0005e5ec	user_options->encoding_to	utf-8
TOP.69ee4f26.0005e5ec	user_options->outfile	C:\Users\Lenovo\Desktop\Mini Project\Penetration-Testing-Framework-API\reports\hashcat_output\cracked_20260426_231509.txt
TOP.69ee4f26.0005e5ec	user_options->rule_buf_l	:
TOP.69ee4f26.0005e5ec	user_options->rule_buf_r	:
TOP.69ee4f26.0005e5ec	user_options->session	hashcat
TOP.69ee4f26.0005e5ec	user_options->separator	:
TOP.69ee4f26.0005e5ec	user_options->limit	0
TOP.69ee4f26.0005e5ec	user_options->skip	0
TOP.69ee4f26.0005e5ec	user_options->attack_mode	0
TOP.69ee4f26.0005e5ec	user_options->backend_devices_virtmulti	1
TOP.69ee4f26.0005e5ec	user_options->backend_devices_virthost	1
TOP.69ee4f26.0005e5ec	user_options->backend_devices_keepfree	0
TOP.69ee4f26.0005e5ec	user_options->benchmark	0
TOP.69ee4f26.0005e5ec	user_options->benchmark_all	0
TOP.69ee4f26.0005e5ec	user_options->benchmark_max	99999
TOP.69ee4f26.0005e5ec	user_options->benchmark_min	0
TOP.69ee4f26.0005e5ec	user_options->bitmap_max	18
TOP.69ee4f26.0005e5ec	user_options->bitmap_min	16
TOP.69ee4f26.0005e5ec	user_options->debug_mode	0
TOP.69ee4f26.0005e5ec	user_options->dynamic_x	0
TOP.69ee4f26.0005e5ec	user_options->hash_info	0
TOP.69ee4f26.0005e5ec	user_options->force	1
TOP.69ee4f26.0005e5ec	user_options->hwmon	1
TOP.69ee4f26.0005e5ec	user_options->hwmon_temp_abort	90
TOP.69ee4f26.0005e5ec	user_options->hash_mode	0
TOP.69ee4f26.0005e5ec	user_options->hex_charset	0
TOP.69ee4f26.0005e5ec	user_options->hex_salt	0
TOP.69ee4f26.0005e5ec	user_options->hex_wordlist	0
TOP.69ee4f26.0005e5ec	user_options->hook_threads	12
TOP.69ee4f26.0005e5ec	user_options->identify	0
TOP.69ee4f26.0005e5ec	user_options->increment	0
TOP.69ee4f26.0005e5ec	user_options->increment_max	256
TOP.69ee4f26.0005e5ec	user_options->increment_min	1
TOP.69ee4f26.0005e5ec	user_options->keep_guessing	0
TOP.69ee4f26.0005e5ec	user_options->kernel_accel	0
TOP.69ee4f26.0005e5ec	user_options->kernel_loops	0
TOP.69ee4f26.0005e5ec	user_options->kernel_threads	0
TOP.69ee4f26.0005e5ec	user_options->keyspace	0
TOP.69ee4f26.0005e5ec	user_options->total_candidates	0
TOP.69ee4f26.0005e5ec	user_options->left	0
TOP.69ee4f26.0005e5ec	user_options->logfile	1
TOP.69ee4f26.0005e5ec	user_options->loopback	0
TOP.69ee4f26.0005e5ec	user_options->machine_readable	0
TOP.69ee4f26.0005e5ec	user_options->markov_classic	0
TOP.69ee4f26.0005e5ec	user_options->markov	1
TOP.69ee4f26.0005e5ec	user_options->markov_inverse	0
TOP.69ee4f26.0005e5ec	user_options->markov_threshold	256
TOP.69ee4f26.0005e5ec	user_options->metal_compiler_runtime	120
TOP.69ee4f26.0005e5ec	user_options->multiply_accel	1
TOP.69ee4f26.0005e5ec	user_options->backend_info	0
TOP.69ee4f26.0005e5ec	user_options->backend_vector_width	0
TOP.69ee4f26.0005e5ec	user_options->optimized_kernel	0
TOP.69ee4f26.0005e5ec	user_options->outfile_autohex	1
TOP.69ee4f26.0005e5ec	user_options->outfile_check_timer	5
TOP.69ee4f26.0005e5ec	user_options->outfile_format	2
TOP.69ee4f26.0005e5ec	user_options->outfile_json	0
TOP.69ee4f26.0005e5ec	user_options->wordlist_autohex	1
TOP.69ee4f26.0005e5ec	user_options->potfile	1
TOP.69ee4f26.0005e5ec	user_options->progress_only	0
TOP.69ee4f26.0005e5ec	user_options->quiet	0
TOP.69ee4f26.0005e5ec	user_options->remove	0
TOP.69ee4f26.0005e5ec	user_options->remove_timer	60
TOP.69ee4f26.0005e5ec	user_options->restore	0
TOP.69ee4f26.0005e5ec	user_options->restore_enable	1
TOP.69ee4f26.0005e5ec	user_options->restore_timer	1
TOP.69ee4f26.0005e5ec	user_options->rp_files_cnt	0
TOP.69ee4f26.0005e5ec	user_options->rp_gen	0
TOP.69ee4f26.0005e5ec	user_options->rp_gen_func_max	4
TOP.69ee4f26.0005e5ec	user_options->rp_gen_func_min	1
TOP.69ee4f26.0005e5ec	user_options->rp_gen_seed	0
TOP.69ee4f26.0005e5ec	user_options->runtime	0
TOP.69ee4f26.0005e5ec	user_options->scrypt_tmto	0
TOP.69ee4f26.0005e5ec	user_options->segment_size	33554432
TOP.69ee4f26.0005e5ec	user_options->self_test	1
TOP.69ee4f26.0005e5ec	user_options->slow_candidates	0
TOP.69ee4f26.0005e5ec	user_options->show	0
TOP.69ee4f26.0005e5ec	user_options->speed_only	0
TOP.69ee4f26.0005e5ec	user_options->spin_damp	0
TOP.69ee4f26.0005e5ec	user_options->status	0
TOP.69ee4f26.0005e5ec	user_options->status_json	0
TOP.69ee4f26.0005e5ec	user_options->status_timer	10
TOP.69ee4f26.0005e5ec	user_options->stdout_flag	0
TOP.69ee4f26.0005e5ec	user_options->usage	0
TOP.69ee4f26.0005e5ec	user_options->username	0
TOP.69ee4f26.0005e5ec	user_options->veracrypt_pim_start	485
TOP.69ee4f26.0005e5ec	user_options->veracrypt_pim_stop	485
TOP.69ee4f26.0005e5ec	user_options->version	0
TOP.69ee4f26.0005e5ec	user_options->workload_profile	2
TOP.69ee4f26.0005e5ec	user_options->brain_client	0
TOP.69ee4f26.0005e5ec	user_options->brain_client_features	2
TOP.69ee4f26.0005e5ec	user_options->brain_server	0
TOP.69ee4f26.0005e5ec	user_options->brain_server_timer	300
TOP.69ee4f26.0005e5ec	user_options->brain_port	6863
TOP.69ee4f26.0005e5ec	user_options->brain_session	0
TOP.69ee4f26.0005e5ec	proc_start	1777225510
TOP.69ee4f26.0005e5ec	proc_stop	1777225512
TOP.69ee4f26.0005e5ec	STOP
TOP.69ee5561.0002adf0	START
TOP.69ee5561.0002adf0	folder_config->cwd	C:\Users\Lenovo\Desktop\Mini Project\Penetration-Testing-Framework-API\tools\hashcat
TOP.69ee5561.0002adf0	folder_config->install_dir	.
TOP.69ee5561.0002adf0	folder_config->profile_dir	.
TOP.69ee5561.0002adf0	folder_config->session_dir	.
TOP.69ee5561.0002adf0	folder_config->shared_dir	.
TOP.69ee5561.0002adf0	user_options->encoding_from	utf-8
TOP.69ee5561.0002adf0	user_options->encoding_to	utf-8
TOP.69ee5561.0002adf0	user_options->outfile	C:\Users\Lenovo\Desktop\Mini Project\Penetration-Testing-Framework-API\reports\hashcat_output\cracked_20260426_234144.txt
TOP.69ee5561.0002adf0	user_options->rule_buf_l	:
TOP.69ee5561.0002adf0	user_options->rule_buf_r	:
TOP.69ee5561.0002adf0	user_options->session	hashcat
TOP.69ee5561.0002adf0	user_options->separator	:
TOP.69ee5561.0002adf0	user_options->limit	0
TOP.69ee5561.0002adf0	user_options->skip	0
TOP.69ee5561.0002adf0	user_options->attack_mode	0
TOP.69ee5561.0002adf0	user_options->backend_devices_virtmulti	1
TOP.69ee5561.0002adf0	user_options->backend_devices_virthost	1
TOP.69ee5561.0002adf0	user_options->backend_devices_keepfree	0
TOP.69ee5561.0002adf0	user_options->benchmark	0
TOP.69ee5561.0002adf0	user_options->benchmark_all	0
TOP.69ee5561.0002adf0	user_options->benchmark_max	99999
TOP.69ee5561.0002adf0	user_options->benchmark_min	0
TOP.69ee5561.0002adf0	user_options->bitmap_max	18
TOP.69ee5561.0002adf0	user_options->bitmap_min	16
TOP.69ee5561.0002adf0	user_options->debug_mode	0
TOP.69ee5561.0002adf0	user_options->dynamic_x	0
TOP.69ee5561.0002adf0	user_options->hash_info	0
TOP.69ee5561.0002adf0	user_options->force	1
TOP.69ee5561.0002adf0	user_options->hwmon	1
TOP.69ee5561.0002adf0	user_options->hwmon_temp_abort	90
TOP.69ee5561.0002adf0	user_options->hash_mode	0
TOP.69ee5561.0002adf0	user_options->hex_charset	0
TOP.69ee5561.0002adf0	user_options->hex_salt	0
TOP.69ee5561.0002adf0	user_options->hex_wordlist	0
TOP.69ee5561.0002adf0	user_options->hook_threads	12
TOP.69ee5561.0002adf0	user_options->identify	0
TOP.69ee5561.0002adf0	user_options->increment	0
TOP.69ee5561.0002adf0	user_options->increment_max	256
TOP.69ee5561.0002adf0	user_options->increment_min	1
TOP.69ee5561.0002adf0	user_options->keep_guessing	0
TOP.69ee5561.0002adf0	user_options->kernel_accel	0
TOP.69ee5561.0002adf0	user_options->kernel_loops	0
TOP.69ee5561.0002adf0	user_options->kernel_threads	0
TOP.69ee5561.0002adf0	user_options->keyspace	0
TOP.69ee5561.0002adf0	user_options->total_candidates	0
TOP.69ee5561.0002adf0	user_options->left	0
TOP.69ee5561.0002adf0	user_options->logfile	1
TOP.69ee5561.0002adf0	user_options->loopback	0
TOP.69ee5561.0002adf0	user_options->machine_readable	0
TOP.69ee5561.0002adf0	user_options->markov_classic	0
TOP.69ee5561.0002adf0	user_options->markov	1
TOP.69ee5561.0002adf0	user_options->markov_inverse	0
TOP.69ee5561.0002adf0	user_options->markov_threshold	256
TOP.69ee5561.0002adf0	user_options->metal_compiler_runtime	120
TOP.69ee5561.0002adf0	user_options->multiply_accel	1
TOP.69ee5561.0002adf0	user_options->backend_info	0
TOP.69ee5561.0002adf0	user_options->backend_vector_width	0
TOP.69ee5561.0002adf0	user_options->optimized_kernel	0
TOP.69ee5561.0002adf0	user_options->outfile_autohex	1
TOP.69ee5561.0002adf0	user_options->outfile_check_timer	5
TOP.69ee5561.0002adf0	user_options->outfile_format	2
TOP.69ee5561.0002adf0	user_options->outfile_json	0
TOP.69ee5561.0002adf0	user_options->wordlist_autohex	1
TOP.69ee5561.0002adf0	user_options->potfile	1
TOP.69ee5561.0002adf0	user_options->progress_only	0
TOP.69ee5561.0002adf0	user_options->quiet	0
TOP.69ee5561.0002adf0	user_options->remove	0
TOP.69ee5561.0002adf0	user_options->remove_timer	60
TOP.69ee5561.0002adf0	user_options->restore	0
TOP.69ee5561.0002adf0	user_options->restore_enable	1
TOP.69ee5561.0002adf0	user_options->restore_timer	1
TOP.69ee5561.0002adf0	user_options->rp_files_cnt	0
TOP.69ee5561.0002adf0	user_options->rp_gen	0
TOP.69ee5561.0002adf0	user_options->rp_gen_func_max	4
TOP.69ee5561.0002adf0	user_options->rp_gen_func_min	1
TOP.69ee5561.0002adf0	user_options->rp_gen_seed	0
TOP.69ee5561.0002adf0	user_options->runtime	0
TOP.69ee5561.0002adf0	user_options->scrypt_tmto	0
TOP.69ee5561.0002adf0	user_options->segment_size	33554432
TOP.69ee5561.0002adf0	user_options->self_test	1
TOP.69ee5561.0002adf0	user_options->slow_candidates	0
TOP.69ee5561.0002adf0	user_options->show	0
TOP.69ee5561.0002adf0	user_options->speed_only	0
TOP.69ee5561.0002adf0	user_options->spin_damp	0
TOP.69ee5561.0002adf0	user_options->status	0
TOP.69ee5561.0002adf0	user_options->status_json	0
TOP.69ee5561.0002adf0	user_options->status_timer	10
TOP.69ee5561.0002adf0	user_options->stdout_flag	0
TOP.69ee5561.0002adf0	user_options->usage	0
TOP.69ee5561.0002adf0	user_options->username	0
TOP.69ee5561.0002adf0	user_options->veracrypt_pim_start	485
TOP.69ee5561.0002adf0	user_options->veracrypt_pim_stop	485
TOP.69ee5561.0002adf0	user_options->version	0
TOP.69ee5561.0002adf0	user_options->workload_profile	2
TOP.69ee5561.0002adf0	user_options->brain_client	0
TOP.69ee5561.0002adf0	user_options->brain_client_features	2
TOP.69ee5561.0002adf0	user_options->brain_server	0
TOP.69ee5561.0002adf0	user_options->brain_server_timer	300
TOP.69ee5561.0002adf0	user_options->brain_port	6863
TOP.69ee5561.0002adf0	user_options->brain_session	0
TOP.69ee5561.0002adf0	proc_start	1777227105
TOP.69ee5561.0002adf0	proc_stop	1777227107
TOP.69ee5561.0002adf0	STOP
TOP.69ee5726.000f1bce	START
TOP.69ee5726.000f1bce	folder_config->cwd	C:\Users\Lenovo\Desktop\Mini Project\Penetration-Testing-Framework-API\tools\hashcat
TOP.69ee5726.000f1bce	folder_config->install_dir	.
TOP.69ee5726.000f1bce	folder_config->profile_dir	.
TOP.69ee5726.000f1bce	folder_config->session_dir	.
TOP.69ee5726.000f1bce	folder_config->shared_dir	.
TOP.69ee5726.000f1bce	user_options->encoding_from	utf-8
TOP.69ee5726.000f1bce	user_options->encoding_to	utf-8
TOP.69ee5726.000f1bce	user_options->outfile	C:\Users\Lenovo\Desktop\Mini Project\Penetration-Testing-Framework-API\reports\hashcat_output\cracked_20260426_234918.txt
TOP.69ee5726.000f1bce	user_options->rule_buf_l	:
TOP.69ee5726.000f1bce	user_options->rule_buf_r	:
TOP.69ee5726.000f1bce	user_options->session	hashcat
TOP.69ee5726.000f1bce	user_options->separator	:
TOP.69ee5726.000f1bce	user_options->limit	0
TOP.69ee5726.000f1bce	user_options->skip	0
TOP.69ee5726.000f1bce	user_options->attack_mode	3
TOP.69ee5726.000f1bce	user_options->backend_devices_virtmulti	1
TOP.69ee5726.000f1bce	user_options->backend_devices_virthost	1
TOP.69ee5726.000f1bce	user_options->backend_devices_keepfree	0
TOP.69ee5726.000f1bce	user_options->benchmark	0
TOP.69ee5726.000f1bce	user_options->benchmark_all	0
TOP.69ee5726.000f1bce	user_options->benchmark_max	99999
TOP.69ee5726.000f1bce	user_options->benchmark_min	0
TOP.69ee5726.000f1bce	user_options->bitmap_max	18
TOP.69ee5726.000f1bce	user_options->bitmap_min	16
TOP.69ee5726.000f1bce	user_options->debug_mode	0
TOP.69ee5726.000f1bce	user_options->dynamic_x	0
TOP.69ee5726.000f1bce	user_options->hash_info	0
TOP.69ee5726.000f1bce	user_options->force	1
TOP.69ee5726.000f1bce	user_options->hwmon	1
TOP.69ee5726.000f1bce	user_options->hwmon_temp_abort	90
TOP.69ee5726.000f1bce	user_options->hash_mode	0
TOP.69ee5726.000f1bce	user_options->hex_charset	0
TOP.69ee5726.000f1bce	user_options->hex_salt	0
TOP.69ee5726.000f1bce	user_options->hex_wordlist	0
TOP.69ee5726.000f1bce	user_options->hook_threads	12
TOP.69ee5726.000f1bce	user_options->identify	0
TOP.69ee5726.000f1bce	user_options->increment	0
TOP.69ee5726.000f1bce	user_options->increment_max	256
TOP.69ee5726.000f1bce	user_options->increment_min	1
TOP.69ee5726.000f1bce	user_options->keep_guessing	0
TOP.69ee5726.000f1bce	user_options->kernel_accel	0
TOP.69ee5726.000f1bce	user_options->kernel_loops	0
TOP.69ee5726.000f1bce	user_options->kernel_threads	0
TOP.69ee5726.000f1bce	user_options->keyspace	0
TOP.69ee5726.000f1bce	user_options->total_candidates	0
TOP.69ee5726.000f1bce	user_options->left	0
TOP.69ee5726.000f1bce	user_options->logfile	1
TOP.69ee5726.000f1bce	user_options->loopback	0
TOP.69ee5726.000f1bce	user_options->machine_readable	0
TOP.69ee5726.000f1bce	user_options->markov_classic	0
TOP.69ee5726.000f1bce	user_options->markov	1
TOP.69ee5726.000f1bce	user_options->markov_inverse	0
TOP.69ee5726.000f1bce	user_options->markov_threshold	256
TOP.69ee5726.000f1bce	user_options->metal_compiler_runtime	120
TOP.69ee5726.000f1bce	user_options->multiply_accel	1
TOP.69ee5726.000f1bce	user_options->backend_info	0
TOP.69ee5726.000f1bce	user_options->backend_vector_width	0
TOP.69ee5726.000f1bce	user_options->optimized_kernel	0
TOP.69ee5726.000f1bce	user_options->outfile_autohex	1
TOP.69ee5726.000f1bce	user_options->outfile_check_timer	5
TOP.69ee5726.000f1bce	user_options->outfile_format	2
TOP.69ee5726.000f1bce	user_options->outfile_json	0
TOP.69ee5726.000f1bce	user_options->wordlist_autohex	1
TOP.69ee5726.000f1bce	user_options->potfile	1
TOP.69ee5726.000f1bce	user_options->progress_only	0
TOP.69ee5726.000f1bce	user_options->quiet	0
TOP.69ee5726.000f1bce	user_options->remove	0
TOP.69ee5726.000f1bce	user_options->remove_timer	60
TOP.69ee5726.000f1bce	user_options->restore	0
TOP.69ee5726.000f1bce	user_options->restore_enable	1
TOP.69ee5726.000f1bce	user_options->restore_timer	1
TOP.69ee5726.000f1bce	user_options->rp_files_cnt	0
TOP.69ee5726.000f1bce	user_options->rp_gen	0
TOP.69ee5726.000f1bce	user_options->rp_gen_func_max	4
TOP.69ee5726.000f1bce	user_options->rp_gen_func_min	1
TOP.69ee5726.000f1bce	user_options->rp_gen_seed	0
TOP.69ee5726.000f1bce	user_options->runtime	0
TOP.69ee5726.000f1bce	user_options->scrypt_tmto	0
TOP.69ee5726.000f1bce	user_options->segment_size	33554432
TOP.69ee5726.000f1bce	user_options->self_test	1
TOP.69ee5726.000f1bce	user_options->slow_candidates	0
TOP.69ee5726.000f1bce	user_options->show	0
TOP.69ee5726.000f1bce	user_options->speed_only	0
TOP.69ee5726.000f1bce	user_options->spin_damp	0
TOP.69ee5726.000f1bce	user_options->status	0
TOP.69ee5726.000f1bce	user_options->status_json	0
TOP.69ee5726.000f1bce	user_options->status_timer	10
TOP.69ee5726.000f1bce	user_options->stdout_flag	0
TOP.69ee5726.000f1bce	user_options->usage	0
TOP.69ee5726.000f1bce	user_options->username	0
TOP.69ee5726.000f1bce	user_options->veracrypt_pim_start	485
TOP.69ee5726.000f1bce	user_options->veracrypt_pim_stop	485
TOP.69ee5726.000f1bce	user_options->version	0
TOP.69ee5726.000f1bce	user_options->workload_profile	2
TOP.69ee5726.000f1bce	user_options->brain_client	0
TOP.69ee5726.000f1bce	user_options->brain_client_features	2
TOP.69ee5726.000f1bce	user_options->brain_server	0
TOP.69ee5726.000f1bce	user_options->brain_server_timer	300
TOP.69ee5726.000f1bce	user_options->brain_port	6863
TOP.69ee5726.000f1bce	user_options->brain_session	0
TOP.69ee5726.000f1bce	proc_start	1777227558
TOP.69ee5726.000f1bce	proc_stop	1777227561
TOP.69ee5726.000f1bce	STOP
TOP.69ee5aea.00052f36	START
TOP.69ee5aea.00052f36	folder_config->cwd	C:\Users\Lenovo\Desktop\Mini Project\Penetration-Testing-Framework-API\tools\hashcat
TOP.69ee5aea.00052f36	folder_config->install_dir	.
TOP.69ee5aea.00052f36	folder_config->profile_dir	.
TOP.69ee5aea.00052f36	folder_config->session_dir	.
TOP.69ee5aea.00052f36	folder_config->shared_dir	.
TOP.69ee5aea.00052f36	user_options->encoding_from	utf-8
TOP.69ee5aea.00052f36	user_options->encoding_to	utf-8
TOP.69ee5aea.00052f36	user_options->outfile	C:\Users\Lenovo\Desktop\Mini Project\Penetration-Testing-Framework-API\reports\hashcat_output\cracked_20260427_000521.txt
TOP.69ee5aea.00052f36	user_options->rule_buf_l	:
TOP.69ee5aea.00052f36	user_options->rule_buf_r	:
TOP.69ee5aea.00052f36	user_options->session	hashcat
TOP.69ee5aea.00052f36	user_options->separator	:
TOP.69ee5aea.00052f36	user_options->limit	0
TOP.69ee5aea.00052f36	user_options->skip	0
TOP.69ee5aea.00052f36	user_options->attack_mode	0
TOP.69ee5aea.00052f36	user_options->backend_devices_virtmulti	1
TOP.69ee5aea.00052f36	user_options->backend_devices_virthost	1
TOP.69ee5aea.00052f36	user_options->backend_devices_keepfree	0
TOP.69ee5aea.00052f36	user_options->benchmark	0
TOP.69ee5aea.00052f36	user_options->benchmark_all	0
TOP.69ee5aea.00052f36	user_options->benchmark_max	99999
TOP.69ee5aea.00052f36	user_options->benchmark_min	0
TOP.69ee5aea.00052f36	user_options->bitmap_max	18
TOP.69ee5aea.00052f36	user_options->bitmap_min	16
TOP.69ee5aea.00052f36	user_options->debug_mode	0
TOP.69ee5aea.00052f36	user_options->dynamic_x	0
TOP.69ee5aea.00052f36	user_options->hash_info	0
TOP.69ee5aea.00052f36	user_options->force	1
TOP.69ee5aea.00052f36	user_options->hwmon	1
TOP.69ee5aea.00052f36	user_options->hwmon_temp_abort	90
TOP.69ee5aea.00052f36	user_options->hash_mode	0
TOP.69ee5aea.00052f36	user_options->hex_charset	0
TOP.69ee5aea.00052f36	user_options->hex_salt	0
TOP.69ee5aea.00052f36	user_options->hex_wordlist	0
TOP.69ee5aea.00052f36	user_options->hook_threads	12
TOP.69ee5aea.00052f36	user_options->identify	0
TOP.69ee5aea.00052f36	user_options->increment	0
TOP.69ee5aea.00052f36	user_options->increment_max	256
TOP.69ee5aea.00052f36	user_options->increment_min	1
TOP.69ee5aea.00052f36	user_options->keep_guessing	0
TOP.69ee5aea.00052f36	user_options->kernel_accel	0
TOP.69ee5aea.00052f36	user_options->kernel_loops	0
TOP.69ee5aea.00052f36	user_options->kernel_threads	0
TOP.69ee5aea.00052f36	user_options->keyspace	0
TOP.69ee5aea.00052f36	user_options->total_candidates	0
TOP.69ee5aea.00052f36	user_options->left	0
TOP.69ee5aea.00052f36	user_options->logfile	1
TOP.69ee5aea.00052f36	user_options->loopback	0
TOP.69ee5aea.00052f36	user_options->machine_readable	0
TOP.69ee5aea.00052f36	user_options->markov_classic	0
TOP.69ee5aea.00052f36	user_options->markov	1
TOP.69ee5aea.00052f36	user_options->markov_inverse	0
TOP.69ee5aea.00052f36	user_options->markov_threshold	256
TOP.69ee5aea.00052f36	user_options->metal_compiler_runtime	120
TOP.69ee5aea.00052f36	user_options->multiply_accel	1
TOP.69ee5aea.00052f36	user_options->backend_info	0
TOP.69ee5aea.00052f36	user_options->backend_vector_width	0
TOP.69ee5aea.00052f36	user_options->optimized_kernel	0
TOP.69ee5aea.00052f36	user_options->outfile_autohex	1
TOP.69ee5aea.00052f36	user_options->outfile_check_timer	5
TOP.69ee5aea.00052f36	user_options->outfile_format	2
TOP.69ee5aea.00052f36	user_options->outfile_json	0
TOP.69ee5aea.00052f36	user_options->wordlist_autohex	1
TOP.69ee5aea.00052f36	user_options->potfile	1
TOP.69ee5aea.00052f36	user_options->progress_only	0
TOP.69ee5aea.00052f36	user_options->quiet	0
TOP.69ee5aea.00052f36	user_options->remove	0
TOP.69ee5aea.00052f36	user_options->remove_timer	60
TOP.69ee5aea.00052f36	user_options->restore	0
TOP.69ee5aea.00052f36	user_options->restore_enable	1
TOP.69ee5aea.00052f36	user_options->restore_timer	1
TOP.69ee5aea.00052f36	user_options->rp_files_cnt	0
TOP.69ee5aea.00052f36	user_options->rp_gen	0
TOP.69ee5aea.00052f36	user_options->rp_gen_func_max	4
TOP.69ee5aea.00052f36	user_options->rp_gen_func_min	1
TOP.69ee5aea.00052f36	user_options->rp_gen_seed	0
TOP.69ee5aea.00052f36	user_options->runtime	0
TOP.69ee5aea.00052f36	user_options->scrypt_tmto	0
TOP.69ee5aea.00052f36	user_options->segment_size	33554432
TOP.69ee5aea.00052f36	user_options->self_test	1
TOP.69ee5aea.00052f36	user_options->slow_candidates	0
TOP.69ee5aea.00052f36	user_options->show	0
TOP.69ee5aea.00052f36	user_options->speed_only	0
TOP.69ee5aea.00052f36	user_options->spin_damp	0
TOP.69ee5aea.00052f36	user_options->status	0
TOP.69ee5aea.00052f36	user_options->status_json	0
TOP.69ee5aea.00052f36	user_options->status_timer	10
TOP.69ee5aea.00052f36	user_options->stdout_flag	0
TOP.69ee5aea.00052f36	user_options->usage	0
TOP.69ee5aea.00052f36	user_options->username	0
TOP.69ee5aea.00052f36	user_options->veracrypt_pim_start	485
TOP.69ee5aea.00052f36	user_options->veracrypt_pim_stop	485
TOP.69ee5aea.00052f36	user_options->version	0
TOP.69ee5aea.00052f36	user_options->workload_profile	2
TOP.69ee5aea.00052f36	user_options->brain_client	0
TOP.69ee5aea.00052f36	user_options->brain_client_features	2
TOP.69ee5aea.00052f36	user_options->brain_server	0
TOP.69ee5aea.00052f36	user_options->brain_server_timer	300
TOP.69ee5aea.00052f36	user_options->brain_port	6863
TOP.69ee5aea.00052f36	user_options->brain_session	0
TOP.69ee5aea.00052f36	proc_start	1777228522
TOP.69ee5aea.00052f36	proc_stop	1777228524
TOP.69ee5aea.00052f36	STOP
TOP.69ee5d17.000980fc	START
TOP.69ee5d17.000980fc	folder_config->cwd	C:\Users\Lenovo\Desktop\Mini Project\Penetration-Testing-Framework-API\tools\hashcat
TOP.69ee5d17.000980fc	folder_config->install_dir	.
TOP.69ee5d17.000980fc	folder_config->profile_dir	.
TOP.69ee5d17.000980fc	folder_config->session_dir	.
TOP.69ee5d17.000980fc	folder_config->shared_dir	.
TOP.69ee5d17.000980fc	user_options->encoding_from	utf-8
TOP.69ee5d17.000980fc	user_options->encoding_to	utf-8
TOP.69ee5d17.000980fc	user_options->outfile	C:\Users\Lenovo\Desktop\Mini Project\Penetration-Testing-Framework-API\reports\hashcat_output\cracked_20260427_001438.txt
TOP.69ee5d17.000980fc	user_options->rule_buf_l	:
TOP.69ee5d17.000980fc	user_options->rule_buf_r	:
TOP.69ee5d17.000980fc	user_options->session	hashcat
TOP.69ee5d17.000980fc	user_options->separator	:
TOP.69ee5d17.000980fc	user_options->limit	0
TOP.69ee5d17.000980fc	user_options->skip	0
TOP.69ee5d17.000980fc	user_options->attack_mode	0
TOP.69ee5d17.000980fc	user_options->backend_devices_virtmulti	1
TOP.69ee5d17.000980fc	user_options->backend_devices_virthost	1
TOP.69ee5d17.000980fc	user_options->backend_devices_keepfree	0
TOP.69ee5d17.000980fc	user_options->benchmark	0
TOP.69ee5d17.000980fc	user_options->benchmark_all	0
TOP.69ee5d17.000980fc	user_options->benchmark_max	99999
TOP.69ee5d17.000980fc	user_options->benchmark_min	0
TOP.69ee5d17.000980fc	user_options->bitmap_max	18
TOP.69ee5d17.000980fc	user_options->bitmap_min	16
TOP.69ee5d17.000980fc	user_options->debug_mode	0
TOP.69ee5d17.000980fc	user_options->dynamic_x	0
TOP.69ee5d17.000980fc	user_options->hash_info	0
TOP.69ee5d17.000980fc	user_options->force	1
TOP.69ee5d17.000980fc	user_options->hwmon	1
TOP.69ee5d17.000980fc	user_options->hwmon_temp_abort	90
TOP.69ee5d17.000980fc	user_options->hash_mode	0
TOP.69ee5d17.000980fc	user_options->hex_charset	0
TOP.69ee5d17.000980fc	user_options->hex_salt	0
TOP.69ee5d17.000980fc	user_options->hex_wordlist	0
TOP.69ee5d17.000980fc	user_options->hook_threads	12
TOP.69ee5d17.000980fc	user_options->identify	0
TOP.69ee5d17.000980fc	user_options->increment	0
TOP.69ee5d17.000980fc	user_options->increment_max	256
TOP.69ee5d17.000980fc	user_options->increment_min	1
TOP.69ee5d17.000980fc	user_options->keep_guessing	0
TOP.69ee5d17.000980fc	user_options->kernel_accel	0
TOP.69ee5d17.000980fc	user_options->kernel_loops	0
TOP.69ee5d17.000980fc	user_options->kernel_threads	0
TOP.69ee5d17.000980fc	user_options->keyspace	0
TOP.69ee5d17.000980fc	user_options->total_candidates	0
TOP.69ee5d17.000980fc	user_options->left	0
TOP.69ee5d17.000980fc	user_options->logfile	1
TOP.69ee5d17.000980fc	user_options->loopback	0
TOP.69ee5d17.000980fc	user_options->machine_readable	0
TOP.69ee5d17.000980fc	user_options->markov_classic	0
TOP.69ee5d17.000980fc	user_options->markov	1
TOP.69ee5d17.000980fc	user_options->markov_inverse	0
TOP.69ee5d17.000980fc	user_options->markov_threshold	256
TOP.69ee5d17.000980fc	user_options->metal_compiler_runtime	120
TOP.69ee5d17.000980fc	user_options->multiply_accel	1
TOP.69ee5d17.000980fc	user_options->backend_info	0
TOP.69ee5d17.000980fc	user_options->backend_vector_width	0
TOP.69ee5d17.000980fc	user_options->optimized_kernel	0
TOP.69ee5d17.000980fc	user_options->outfile_autohex	1
TOP.69ee5d17.000980fc	user_options->outfile_check_timer	5
TOP.69ee5d17.000980fc	user_options->outfile_format	2
TOP.69ee5d17.000980fc	user_options->outfile_json	0
TOP.69ee5d17.000980fc	user_options->wordlist_autohex	1
TOP.69ee5d17.000980fc	user_options->potfile	1
TOP.69ee5d17.000980fc	user_options->progress_only	0
TOP.69ee5d17.000980fc	user_options->quiet	0
TOP.69ee5d17.000980fc	user_options->remove	0
TOP.69ee5d17.000980fc	user_options->remove_timer	60
TOP.69ee5d17.000980fc	user_options->restore	0
TOP.69ee5d17.000980fc	user_options->restore_enable	1
TOP.69ee5d17.000980fc	user_options->restore_timer	1
TOP.69ee5d17.000980fc	user_options->rp_files_cnt	0
TOP.69ee5d17.000980fc	user_options->rp_gen	0
TOP.69ee5d17.000980fc	user_options->rp_gen_func_max	4
TOP.69ee5d17.000980fc	user_options->rp_gen_func_min	1
TOP.69ee5d17.000980fc	user_options->rp_gen_seed	0
TOP.69ee5d17.000980fc	user_options->runtime	0
TOP.69ee5d17.000980fc	user_options->scrypt_tmto	0
TOP.69ee5d17.000980fc	user_options->segment_size	33554432
TOP.69ee5d17.000980fc	user_options->self_test	1
TOP.69ee5d17.000980fc	user_options->slow_candidates	0
TOP.69ee5d17.000980fc	user_options->show	0
TOP.69ee5d17.000980fc	user_options->speed_only	0
TOP.69ee5d17.000980fc	user_options->spin_damp	0
TOP.69ee5d17.000980fc	user_options->status	0
TOP.69ee5d17.000980fc	user_options->status_json	0
TOP.69ee5d17.000980fc	user_options->status_timer	10
TOP.69ee5d17.000980fc	user_options->stdout_flag	0
TOP.69ee5d17.000980fc	user_options->usage	0
TOP.69ee5d17.000980fc	user_options->username	0
TOP.69ee5d17.000980fc	user_options->veracrypt_pim_start	485
TOP.69ee5d17.000980fc	user_options->veracrypt_pim_stop	485
TOP.69ee5d17.000980fc	user_options->version	0
TOP.69ee5d17.000980fc	user_options->workload_profile	2
TOP.69ee5d17.000980fc	user_options->brain_client	0
TOP.69ee5d17.000980fc	user_options->brain_client_features	2
TOP.69ee5d17.000980fc	user_options->brain_server	0
TOP.69ee5d17.000980fc	user_options->brain_server_timer	300
TOP.69ee5d17.000980fc	user_options->brain_port	6863
TOP.69ee5d17.000980fc	user_options->brain_session	0
TOP.69ee5d17.000980fc	proc_start	1777229079
TOP.69ee5d17.000980fc	proc_stop	1777229082
TOP.69ee5d17.000980fc	STOP
TOP.69eeb695.000c5988	START
TOP.69eeb695.000c5988	folder_config->cwd	C:\Users\Lenovo\Desktop\Mini Project\Penetration-Testing-Framework-API\tools\hashcat
TOP.69eeb695.000c5988	folder_config->install_dir	.
TOP.69eeb695.000c5988	folder_config->profile_dir	.
TOP.69eeb695.000c5988	folder_config->session_dir	.
TOP.69eeb695.000c5988	folder_config->shared_dir	.
TOP.69eeb695.000c5988	user_options->encoding_from	utf-8
TOP.69eeb695.000c5988	user_options->encoding_to	utf-8
TOP.69eeb695.000c5988	user_options->outfile	C:\Users\Lenovo\Desktop\Mini Project\Penetration-Testing-Framework-API\reports\hashcat_output\cracked_20260427_063628.txt
TOP.69eeb695.000c5988	user_options->rule_buf_l	:
TOP.69eeb695.000c5988	user_options->rule_buf_r	:
TOP.69eeb695.000c5988	user_options->session	hashcat
TOP.69eeb695.000c5988	user_options->separator	:
TOP.69eeb695.000c5988	user_options->limit	0
TOP.69eeb695.000c5988	user_options->skip	0
TOP.69eeb695.000c5988	user_options->attack_mode	0
TOP.69eeb695.000c5988	user_options->backend_devices_virtmulti	1
TOP.69eeb695.000c5988	user_options->backend_devices_virthost	1
TOP.69eeb695.000c5988	user_options->backend_devices_keepfree	0
TOP.69eeb695.000c5988	user_options->benchmark	0
TOP.69eeb695.000c5988	user_options->benchmark_all	0
TOP.69eeb695.000c5988	user_options->benchmark_max	99999
TOP.69eeb695.000c5988	user_options->benchmark_min	0
TOP.69eeb695.000c5988	user_options->bitmap_max	18
TOP.69eeb695.000c5988	user_options->bitmap_min	16
TOP.69eeb695.000c5988	user_options->debug_mode	0
TOP.69eeb695.000c5988	user_options->dynamic_x	0
TOP.69eeb695.000c5988	user_options->hash_info	0
TOP.69eeb695.000c5988	user_options->force	1
TOP.69eeb695.000c5988	user_options->hwmon	1
TOP.69eeb695.000c5988	user_options->hwmon_temp_abort	90
TOP.69eeb695.000c5988	user_options->hash_mode	0
TOP.69eeb695.000c5988	user_options->hex_charset	0
TOP.69eeb695.000c5988	user_options->hex_salt	0
TOP.69eeb695.000c5988	user_options->hex_wordlist	0
TOP.69eeb695.000c5988	user_options->hook_threads	12
TOP.69eeb695.000c5988	user_options->identify	0
TOP.69eeb695.000c5988	user_options->increment	0
TOP.69eeb695.000c5988	user_options->increment_max	256
TOP.69eeb695.000c5988	user_options->increment_min	1
TOP.69eeb695.000c5988	user_options->keep_guessing	0
TOP.69eeb695.000c5988	user_options->kernel_accel	0
TOP.69eeb695.000c5988	user_options->kernel_loops	0
TOP.69eeb695.000c5988	user_options->kernel_threads	0
TOP.69eeb695.000c5988	user_options->keyspace	0
TOP.69eeb695.000c5988	user_options->total_candidates	0
TOP.69eeb695.000c5988	user_options->left	0
TOP.69eeb695.000c5988	user_options->logfile	1
TOP.69eeb695.000c5988	user_options->loopback	0
TOP.69eeb695.000c5988	user_options->machine_readable	0
TOP.69eeb695.000c5988	user_options->markov_classic	0
TOP.69eeb695.000c5988	user_options->markov	1
TOP.69eeb695.000c5988	user_options->markov_inverse	0
TOP.69eeb695.000c5988	user_options->markov_threshold	256
TOP.69eeb695.000c5988	user_options->metal_compiler_runtime	120
TOP.69eeb695.000c5988	user_options->multiply_accel	1
TOP.69eeb695.000c5988	user_options->backend_info	0
TOP.69eeb695.000c5988	user_options->backend_vector_width	0
TOP.69eeb695.000c5988	user_options->optimized_kernel	0
TOP.69eeb695.000c5988	user_options->outfile_autohex	1
TOP.69eeb695.000c5988	user_options->outfile_check_timer	5
TOP.69eeb695.000c5988	user_options->outfile_format	2
TOP.69eeb695.000c5988	user_options->outfile_json	0
TOP.69eeb695.000c5988	user_options->wordlist_autohex	1
TOP.69eeb695.000c5988	user_options->potfile	1
TOP.69eeb695.000c5988	user_options->progress_only	0
TOP.69eeb695.000c5988	user_options->quiet	0
TOP.69eeb695.000c5988	user_options->remove	0
TOP.69eeb695.000c5988	user_options->remove_timer	60
TOP.69eeb695.000c5988	user_options->restore	0
TOP.69eeb695.000c5988	user_options->restore_enable	1
TOP.69eeb695.000c5988	user_options->restore_timer	1
TOP.69eeb695.000c5988	user_options->rp_files_cnt	0
TOP.69eeb695.000c5988	user_options->rp_gen	0
TOP.69eeb695.000c5988	user_options->rp_gen_func_max	4
TOP.69eeb695.000c5988	user_options->rp_gen_func_min	1
TOP.69eeb695.000c5988	user_options->rp_gen_seed	0
TOP.69eeb695.000c5988	user_options->runtime	0
TOP.69eeb695.000c5988	user_options->scrypt_tmto	0
TOP.69eeb695.000c5988	user_options->segment_size	33554432
TOP.69eeb695.000c5988	user_options->self_test	1
TOP.69eeb695.000c5988	user_options->slow_candidates	0
TOP.69eeb695.000c5988	user_options->show	0
TOP.69eeb695.000c5988	user_options->speed_only	0
TOP.69eeb695.000c5988	user_options->spin_damp	0
TOP.69eeb695.000c5988	user_options->status	0
TOP.69eeb695.000c5988	user_options->status_json	0
TOP.69eeb695.000c5988	user_options->status_timer	10
TOP.69eeb695.000c5988	user_options->stdout_flag	0
TOP.69eeb695.000c5988	user_options->usage	0
TOP.69eeb695.000c5988	user_options->username	0
TOP.69eeb695.000c5988	user_options->veracrypt_pim_start	485
TOP.69eeb695.000c5988	user_options->veracrypt_pim_stop	485
TOP.69eeb695.000c5988	user_options->version	0
TOP.69eeb695.000c5988	user_options->workload_profile	2
TOP.69eeb695.000c5988	user_options->brain_client	0
TOP.69eeb695.000c5988	user_options->brain_client_features	2
TOP.69eeb695.000c5988	user_options->brain_server	0
TOP.69eeb695.000c5988	user_options->brain_server_timer	300
TOP.69eeb695.000c5988	user_options->brain_port	6863
TOP.69eeb695.000c5988	user_options->brain_session	0
TOP.69eeb695.000c5988	hashes->hashfile	C:\Users\Lenovo\Desktop\Mini Project\Penetration-Testing-Framework-API\reports\hashcat_output\hashes_20260427_063628.txt
TOP.69eeb695.000c5988	hashes->hashlist_mode	5
TOP.69eeb695.000c5988	hashes->hashlist_format	0
TOP.69eeb695.000c5988	hashes->hashes_cnt	0
TOP.69eeb695.000c5988	hashes->digests_cnt	1
TOP.69eeb695.000c5988	hashes->digests_done_pot	0
TOP.69eeb695.000c5988	hashes->digests_done_zero	0
TOP.69eeb695.000c5988	hashes->digests_done	0
TOP.69eeb695.000c5988	hashes->salts_cnt	1
TOP.69eeb695.000c5988	hashes->salts_done	0
TOP.69eeb695.000c5988	SUB.69eeb697.000b1d7b	START
TOP.69eeb695.000c5988	SUB.69eeb697.000b1d7b	straight_ctx->dict	C:\Users\Lenovo\Desktop\Mini Project\Penetration-Testing-Framework-API\reports\wordlists\common_passwords.txt
TOP.69eeb695.000c5988	SUB.69eeb697.000b1d7b	runtime_start	1777251991
TOP.69eeb695.000c5988	SUB.69eeb697.000b1d7b	runtime_stop	1777251991
TOP.69eeb695.000c5988	SUB.69eeb697.000b1d7b	hashes->digests_done_new	1
TOP.69eeb695.000c5988	SUB.69eeb697.000b1d7b	status-after-work	6
TOP.69eeb695.000c5988	SUB.69eeb697.000b1d7b	STOP
TOP.69eeb695.000c5988	proc_start	1777251989
TOP.69eeb695.000c5988	proc_stop	1777251993
TOP.69eeb695.000c5988	STOP
TOP.69eebf0b.00063e63	START
TOP.69eebf0b.00063e63	folder_config->cwd	C:\Users\Lenovo\Desktop\Mini Project\Penetration-Testing-Framework-API\tools\hashcat
TOP.69eebf0b.00063e63	folder_config->install_dir	.
TOP.69eebf0b.00063e63	folder_config->profile_dir	.
TOP.69eebf0b.00063e63	folder_config->session_dir	.
TOP.69eebf0b.00063e63	folder_config->shared_dir	.
TOP.69eebf0b.00063e63	user_options->encoding_from	utf-8
TOP.69eebf0b.00063e63	user_options->encoding_to	utf-8
TOP.69eebf0b.00063e63	user_options->outfile	C:\Users\Lenovo\Desktop\Mini Project\Penetration-Testing-Framework-API\reports\hashcat_output\cracked_20260427_071234.txt
TOP.69eebf0b.00063e63	user_options->rule_buf_l	:
TOP.69eebf0b.00063e63	user_options->rule_buf_r	:
TOP.69eebf0b.00063e63	user_options->session	hashcat
TOP.69eebf0b.00063e63	user_options->separator	:
TOP.69eebf0b.00063e63	user_options->limit	0
TOP.69eebf0b.00063e63	user_options->skip	0
TOP.69eebf0b.00063e63	user_options->attack_mode	0
TOP.69eebf0b.00063e63	user_options->backend_devices_virtmulti	1
TOP.69eebf0b.00063e63	user_options->backend_devices_virthost	1
TOP.69eebf0b.00063e63	user_options->backend_devices_keepfree	0
TOP.69eebf0b.00063e63	user_options->benchmark	0
TOP.69eebf0b.00063e63	user_options->benchmark_all	0
TOP.69eebf0b.00063e63	user_options->benchmark_max	99999
TOP.69eebf0b.00063e63	user_options->benchmark_min	0
TOP.69eebf0b.00063e63	user_options->bitmap_max	18
TOP.69eebf0b.00063e63	user_options->bitmap_min	16
TOP.69eebf0b.00063e63	user_options->debug_mode	0
TOP.69eebf0b.00063e63	user_options->dynamic_x	0
TOP.69eebf0b.00063e63	user_options->hash_info	0
TOP.69eebf0b.00063e63	user_options->force	1
TOP.69eebf0b.00063e63	user_options->hwmon	1
TOP.69eebf0b.00063e63	user_options->hwmon_temp_abort	90
TOP.69eebf0b.00063e63	user_options->hash_mode	0
TOP.69eebf0b.00063e63	user_options->hex_charset	0
TOP.69eebf0b.00063e63	user_options->hex_salt	0
TOP.69eebf0b.00063e63	user_options->hex_wordlist	0
TOP.69eebf0b.00063e63	user_options->hook_threads	12
TOP.69eebf0b.00063e63	user_options->identify	0
TOP.69eebf0b.00063e63	user_options->increment	0
TOP.69eebf0b.00063e63	user_options->increment_max	256
TOP.69eebf0b.00063e63	user_options->increment_min	1
TOP.69eebf0b.00063e63	user_options->keep_guessing	0
TOP.69eebf0b.00063e63	user_options->kernel_accel	0
TOP.69eebf0b.00063e63	user_options->kernel_loops	0
TOP.69eebf0b.00063e63	user_options->kernel_threads	0
TOP.69eebf0b.00063e63	user_options->keyspace	0
TOP.69eebf0b.00063e63	user_options->total_candidates	0
TOP.69eebf0b.00063e63	user_options->left	0
TOP.69eebf0b.00063e63	user_options->logfile	1
TOP.69eebf0b.00063e63	user_options->loopback	0
TOP.69eebf0b.00063e63	user_options->machine_readable	0
TOP.69eebf0b.00063e63	user_options->markov_classic	0
TOP.69eebf0b.00063e63	user_options->markov	1
TOP.69eebf0b.00063e63	user_options->markov_inverse	0
TOP.69eebf0b.00063e63	user_options->markov_threshold	256
TOP.69eebf0b.00063e63	user_options->metal_compiler_runtime	120
TOP.69eebf0b.00063e63	user_options->multiply_accel	1
TOP.69eebf0b.00063e63	user_options->backend_info	0
TOP.69eebf0b.00063e63	user_options->backend_vector_width	0
TOP.69eebf0b.00063e63	user_options->optimized_kernel	0
TOP.69eebf0b.00063e63	user_options->outfile_autohex	1
TOP.69eebf0b.00063e63	user_options->outfile_check_timer	5
TOP.69eebf0b.00063e63	user_options->outfile_format	2
TOP.69eebf0b.00063e63	user_options->outfile_json	0
TOP.69eebf0b.00063e63	user_options->wordlist_autohex	1
TOP.69eebf0b.00063e63	user_options->potfile	1
TOP.69eebf0b.00063e63	user_options->progress_only	0
TOP.69eebf0b.00063e63	user_options->quiet	0
TOP.69eebf0b.00063e63	user_options->remove	0
TOP.69eebf0b.00063e63	user_options->remove_timer	60
TOP.69eebf0b.00063e63	user_options->restore	0
TOP.69eebf0b.00063e63	user_options->restore_enable	1
TOP.69eebf0b.00063e63	user_options->restore_timer	1
TOP.69eebf0b.00063e63	user_options->rp_files_cnt	0
TOP.69eebf0b.00063e63	user_options->rp_gen	0
TOP.69eebf0b.00063e63	user_options->rp_gen_func_max	4
TOP.69eebf0b.00063e63	user_options->rp_gen_func_min	1
TOP.69eebf0b.00063e63	user_options->rp_gen_seed	0
TOP.69eebf0b.00063e63	user_options->runtime	0
TOP.69eebf0b.00063e63	user_options->scrypt_tmto	0
TOP.69eebf0b.00063e63	user_options->segment_size	33554432
TOP.69eebf0b.00063e63	user_options->self_test	1
TOP.69eebf0b.00063e63	user_options->slow_candidates	0
TOP.69eebf0b.00063e63	user_options->show	0
TOP.69eebf0b.00063e63	user_options->speed_only	0
TOP.69eebf0b.00063e63	user_options->spin_damp	0
TOP.69eebf0b.00063e63	user_options->status	0
TOP.69eebf0b.00063e63	user_options->status_json	0
TOP.69eebf0b.00063e63	user_options->status_timer	10
TOP.69eebf0b.00063e63	user_options->stdout_flag	0
TOP.69eebf0b.00063e63	user_options->usage	0
TOP.69eebf0b.00063e63	user_options->username	0
TOP.69eebf0b.00063e63	user_options->veracrypt_pim_start	485
TOP.69eebf0b.00063e63	user_options->veracrypt_pim_stop	485
TOP.69eebf0b.00063e63	user_options->version	0
TOP.69eebf0b.00063e63	user_options->workload_profile	2
TOP.69eebf0b.00063e63	user_options->brain_client	0
TOP.69eebf0b.00063e63	user_options->brain_client_features	2
TOP.69eebf0b.00063e63	user_options->brain_server	0
TOP.69eebf0b.00063e63	user_options->brain_server_timer	300
TOP.69eebf0b.00063e63	user_options->brain_port	6863
TOP.69eebf0b.00063e63	user_options->brain_session	0
TOP.69eebf0b.00063e63	proc_start	1777254155
TOP.69eebf0b.00063e63	proc_stop	1777254157
TOP.69eebf0b.00063e63	STOP
